RCID,PRIM,GRUP,OBJL,RVER,AGEN,FIDN,FIDS,LNAM,LNAM_REFS,FFPT_RIND,DRVAL1,DRVAL2,QUASOU,SOUACC,VERDAT,INFORM,NINFOM,NTXTDS,SCAMAX,SCAMIN,TXTDSC,RECDAT,RECIND,SORDAT,SORIND
475,2,2,42,1,550,115117351,1287,022606DC8D270507,,,-0.51,0,,,,,,,,45000,,,,,"US,US"
476,2,2,42,1,550,115117354,1287,022606DC8D2A0507,,,-0.51,0,,,,,,,,45000,,,,,"US,US"
477,2,2,42,1,550,115117391,1287,022606DC8D4F0507,,,-0.51,0,,,,,,,,45000,,,,,"US,US"
478,2,2,42,1,550,115119917,1287,022606DC972D0507,,,-0.51,3.65,,,,,,,,45000,,,,,"US,US"
479,2,2,42,1,550,115119921,1287,022606DC97310507,,,-0.51,3.65,,,,,,,,45000,,,,,"US,US"
480,3,1,42,1,550,175395425,1080,02260A7452610438,,,-0.51,0,,,,,,,,,,,,19990529,"US,US,graph,chart 11322"
481,3,1,42,1,550,175396831,1080,02260A7457DF0438,,,-0.51,0,,,,,,,,,,,,19990529,"US,US,graph,chart 11322"
482,3,1,42,1,550,175396844,1080,02260A7457EC0438,,,-0.51,0,,,,,,,,,,,,19990529,"US,US,graph,chart 11322"
483,3,1,42,1,550,175396857,1080,02260A7457F90438,,,-0.51,0,,,,,,,,,,,,19990529,"US,US,graph,chart 11322"
484,3,1,42,1,550,175396871,1080,02260A7458070438,,,-0.51,0,,,,,,,,,,,,19990529,"US,US,graph,chart 11322"
485,3,1,42,1,550,175396884,1080,02260A7458140438,,,-0.51,0,,,,,,,,,,,,19990529,"US,US,graph,chart 11322"
486,3,1,42,1,550,175396897,1080,02260A7458210438,,,-0.51,0,,,,,,,,,,,,19990529,"US,US,graph,chart 11322"
487,3,1,42,1,550,175396910,1080,02260A74582E0438,,,-0.51,0,,,,,,,,,,,,19990529,"US,US,graph,chart 11322"
488,3,1,42,1,550,175396923,1080,02260A74583B0438,,,-0.51,0,,,,,,,,,,,,19990529,"US,US,graph,chart 11322"
489,3,1,42,1,550,175396935,1080,02260A7458470438,,,-0.51,0,,,,,,,,,,,,19990529,"US,US,graph,chart 11322"
490,3,1,42,1,550,175396948,1080,02260A7458540438,,,-0.51,0,,,,,,,,,,,,19990529,"US,US,graph,chart 11322"
491,3,1,42,1,550,175396975,1080,02260A74586F0438,,,-0.51,0,,,,,,,,,,,,19990529,"US,US,graph,chart 11322"
492,3,1,42,1,550,175397017,1080,02260A7458990438,,,-0.51,0,,,,,,,,,,,,19990529,"US,US,graph,chart 11322"
493,3,1,42,1,550,175397031,1080,02260A7458A70438,,,-0.51,0,,,,,,,,,,,,19990529,"US,US,graph,chart 11322"
494,3,1,42,1,550,175397071,1080,02260A7458CF0438,,,-0.51,0,,,,,,,,,,,,19990529,"US,US,graph,chart 11322"
495,3,1,42,1,550,175397084,1080,02260A7458DC0438,,,-0.51,0,,,,,,,,,,,,19990529,"US,US,graph,chart 11322"
496,3,1,42,1,550,175397202,1080,02260A7459520438,,,-0.51,0,,,,,,,,,,,,19990529,"US,US,graph,chart 11322"
497,3,1,42,1,550,175397233,1080,02260A7459710438,,,-0.51,0,,,,,,,,,,,,19990529,"US,US,graph,chart 11322"
498,3,1,42,1,550,175400134,1080,02260A7464C60438,,,0,1.82,,,,,,,,,,,,19990529,"US,US,graph,chart 11322"
499,3,1,42,1,550,175400467,1080,02260A7466130438,,,0,0.91,,,,,,,,,,,,19990529,"US,US,graph,chart 11322"
500,3,1,42,1,550,175400541,1080,02260A74665D0438,,,0,0.91,,,,,,,,,,,,19990529,"US,US,graph,chart 11322"
501,3,1,42,1,550,175400832,1080,02260A7467800438,,,1.82,3.65,,,,,,,,,,,,19990529,"US,US,graph,chart 11322"
502,3,1,42,1,550,175400848,1080,02260A7467900438,,,1.82,3.65,,,,,,,,,,,,19990529,"US,US,graph,chart 11322"
503,3,1,42,1,550,175401254,1080,02260A7469260438,,,3.65,5.48,,,,,,,,,,,,19990529,"US,US,graph,chart 11322"
504,3,1,42,1,550,175401340,1080,02260A74697C0438,,,5.48,9.14,,,,,,,,,,,,19990529,"US,US,graph,chart 11322"
505,2,2,42,1,550,115116992,1287,022606DC8BC00507,,,0,1.82,,,,,,,,45000,,,,,"US,US"
506,2,2,42,1,550,115116997,1287,022606DC8BC50507,,,0,1.82,,,,,,,,45000,,,,,"US,US"
507,2,2,42,1,550,115117003,1287,022606DC8BCB0507,,,0,1.82,,,,,,,,45000,,,,,"US,US"
508,2,2,42,1,550,115117007,1287,022606DC8BCF0507,,,0,1.82,,,,,,,,45000,,,,,"US,US"
509,2,2,42,1,550,115117011,1287,022606DC8BD30507,,,-0.51,0,,,,,,,,45000,,,,,"US,US"
510,2,2,42,1,550,115117014,1287,022606DC8BD60507,,,-0.51,0,,,,,,,,45000,,,,,"US,US"
511,2,2,42,1,550,115117016,1287,022606DC8BD80507,,,-0.51,0,,,,,,,,45000,,,,,"US,US"
512,2,2,42,1,550,115117019,1287,022606DC8BDB0507,,,-0.51,0,,,,,,,,45000,,,,,"US,US"
513,2,2,42,1,550,115117024,1287,022606DC8BE00507,,,-0.51,0,,,,,,,,45000,,,,,"US,US"
514,2,2,42,1,550,115117029,1287,022606DC8BE50507,,,-0.51,0,,,,,,,,45000,,,,,"US,US"
515,2,2,42,1,550,115117032,1287,022606DC8BE80507,,,-0.51,0,,,,,,,,45000,,,,,"US,US"
516,2,2,42,1,550,115117040,1287,022606DC8BF00507,,,-0.51,0,,,,,,,,45000,,,,,"US,US"
517,2,2,42,1,550,115117043,1287,022606DC8BF30507,,,-0.51,0,,,,,,,,45000,,,,,"US,US"
518,2,2,42,1,550,115117050,1287,022606DC8BFA0507,,,-0.51,0,,,,,,,,45000,,,,,"US,US"
519,2,2,42,1,550,115117053,1287,022606DC8BFD0507,,,-0.51,0,,,,,,,,45000,,,,,"US,US"
520,2,2,42,1,550,115117058,1287,022606DC8C020507,,,-0.51,0,,,,,,,,45000,,,,,"US,US"
521,2,2,42,1,550,115117062,1287,022606DC8C060507,,,0.91,1.82,,,,,,,,45000,,,,,"US,US"
522,2,2,42,1,550,115117067,1287,022606DC8C0B0507,,,-0.51,0,,,,,,,,45000,,,,,"US,US"
523,2,2,42,1,550,115117072,1287,022606DC8C100507,,,-0.51,0,,,,,,,,45000,,,,,"US,US"
524,2,2,42,1,550,115117075,1287,022606DC8C130507,,,-0.51,0,,,,,,,,45000,,,,,"US,US"
525,2,2,42,1,550,115117078,1287,022606DC8C160507,,,-0.51,0,,,,,,,,45000,,,,,"US,US"
526,2,2,42,1,550,115117081,1287,022606DC8C190507,,,-0.51,0,,,,,,,,45000,,,,,"US,US"
527,2,2,42,1,550,115117084,1287,022606DC8C1C0507,,,-0.51,0,,,,,,,,45000,,,,,"US,US"
528,2,2,42,1,550,115117087,1287,022606DC8C1F0507,,,-0.51,0,,,,,,,,45000,,,,,"US,US"
529,2,2,42,1,550,115117091,1287,022606DC8C230507,,,-0.51,0,,,,,,,,45000,,,,,"US,US"
530,2,2,42,1,550,115117094,1287,022606DC8C260507,,,-0.51,0,,,,,,,,45000,,,,,"US,US"
531,2,2,42,1,550,115117098,1287,022606DC8C2A0507,,,-0.51,0,,,,,,,,45000,,,,,"US,US"
532,2,2,42,1,550,115117107,1287,022606DC8C330507,,,-0.51,0,,,,,,,,45000,,,,,"US,US"
533,2,2,42,1,550,115117115,1287,022606DC8C3B0507,,,-0.51,0,,,,,,,,45000,,,,,"US,US"
534,2,2,42,1,550,115117118,1287,022606DC8C3E0507,,,-0.51,0,,,,,,,,45000,,,,,"US,US"
535,2,2,42,1,550,115117121,1287,022606DC8C410507,,,-0.51,0,,,,,,,,45000,,,,,"US,US"
536,2,2,42,1,550,115117125,1287,022606DC8C450507,,,-0.51,0,,,,,,,,45000,,,,,"US,US"
537,2,2,42,1,550,115117129,1287,022606DC8C490507,,,-0.51,0,,,,,,,,45000,,,,,"US,US"
538,2,2,42,1,550,115117134,1287,022606DC8C4E0507,,,-0.51,0,,,,,,,,45000,,,,,"US,US"
539,2,2,42,1,550,115117137,1287,022606DC8C510507,,,0.91,3.65,,,,,,,,45000,,,,,"US,US"
540,2,2,42,1,550,115117140,1287,022606DC8C540507,,,-0.51,0,,,,,,,,45000,,,,,"US,US"
541,2,2,42,1,550,115117143,1287,022606DC8C570507,,,-0.51,0,,,,,,,,45000,,,,,"US,US"
542,2,2,42,1,550,115117147,1287,022606DC8C5B0507,,,-0.51,0,,,,,,,,45000,,,,,"US,US"
543,2,2,42,1,550,115117150,1287,022606DC8C5E0507,,,-0.51,0,,,,,,,,45000,,,,,"US,US"
544,2,2,42,1,550,115117153,1287,022606DC8C610507,,,0.91,1.82,,,,,,,,45000,,,,,"US,US"
545,2,2,42,1,550,115117156,1287,022606DC8C640507,,,0.91,1.82,,,,,,,,45000,,,,,"US,US"
546,2,2,42,1,550,115117160,1287,022606DC8C680507,,,-0.51,0,,,,,,,,45000,,,,,"US,US"
547,2,2,42,1,550,115117165,1287,022606DC8C6D0507,,,-0.51,0,,,,,,,,45000,,,,,"US,US"
548,2,2,42,1,550,115117169,1287,022606DC8C710507,,,-0.51,0,,,,,,,,45000,,,,,"US,US"
549,2,2,42,1,550,115117173,1287,022606DC8C750507,,,-0.51,0,,,,,,,,45000,,,,,"US,US"
550,2,2,42,1,550,115117251,1287,022606DC8CC30507,,,-0.51,0,,,,,,,,45000,,,,,"US,US"
551,2,2,42,1,550,115117287,1287,022606DC8CE70507,,,-0.51,0,,,,,,,,45000,,,,,"US,US"
552,2,2,42,1,550,115117293,1287,022606DC8CED0507,,,-0.51,0,,,,,,,,45000,,,,,"US,US"
553,2,2,42,1,550,115117298,1287,022606DC8CF20507,,,-0.51,0,,,,,,,,45000,,,,,"US,US"
554,2,2,42,1,550,115117301,1287,022606DC8CF50507,,,-0.51,1.82,,,,,,,,45000,,,,,"US,US"
555,2,2,42,1,550,115117315,1287,022606DC8D030507,,,-0.51,1.82,,,,,,,,45000,,,,,"US,US"
556,2,2,42,1,550,115117318,1287,022606DC8D060507,,,-0.51,1.82,,,,,,,,45000,,,,,"US,US"
557,2,2,42,1,550,115117321,1287,022606DC8D090507,,,-0.51,1.82,,,,,,,,45000,,,,,"US,US"
558,2,2,42,1,550,115117324,1287,022606DC8D0C0507,,,-0.51,1.82,,,,,,,,45000,,,,,"US,US"
559,2,2,42,1,550,115117358,1287,022606DC8D2E0507,,,-0.51,0,,,,,,,,45000,,,,,"US,US"
560,2,2,42,1,550,115117362,1287,022606DC8D320507,,,-0.51,0,,,,,,,,45000,,,,,"US,US"
561,2,2,42,1,550,115117366,1287,022606DC8D360507,,,-0.51,0,,,,,,,,45000,,,,,"US,US"
562,2,2,42,1,550,115117369,1287,022606DC8D390507,,,0.91,3.65,,,,,,,,45000,,,,,"US,US"
563,2,2,42,1,550,115119928,1287,022606DC97380507,,,-0.51,3.65,,,,,,,,45000,,,,,"US,US"
564,3,1,42,1,550,175396990,1080,02260A74587E0438,,,-0.51,0,,,,,,,,,,,,19990529,"US,US,graph,chart 11322"
565,3,1,42,1,550,175398181,1080,02260A745D250438,,,-0.51,0,,,,,,,,,,,,19990529,"US,US,graph,chart 11322"
566,3,1,42,1,550,175398953,1080,02260A7460290438,,,0,0.91,,,,,,,,,,,,19990529,"US,US,graph,chart 11322"
567,3,1,42,1,550,175400699,1080,02260A7466FB0438,,,0,0.91,,,,,,,,,,,,19990529,"US,US,graph,chart 11322"
568,2,2,42,1,550,115117339,1287,022606DC8D1B0507,,,-0.51,0,,,,,,,,45000,,,,,"US,US"
569,2,2,42,1,550,115117342,1287,022606DC8D1E0507,,,0.91,2.59,,,,,,,,45000,,,,,"US,US"
570,2,2,42,1,550,115117347,1287,022606DC8D230507,,,-0.51,0,,,,,,,,45000,,,,,"US,US"
571,2,2,42,1,550,115117372,1287,022606DC8D3C0507,,,-0.51,0,,,,,,,,45000,,,,,"US,US"
572,2,2,42,1,550,115117375,1287,022606DC8D3F0507,,,-0.51,0,,,,,,,,45000,,,,,"US,US"
573,2,2,42,1,550,115117378,1287,022606DC8D420507,,,-0.51,0,,,,,,,,45000,,,,,"US,US"
574,2,2,42,1,550,115117381,1287,022606DC8D450507,,,-0.51,0,,,,,,,,45000,,,,,"US,US"
575,2,2,42,1,550,115117686,1287,022606DC8E760507,,,-0.51,2.59,,,,,,,,45000,,,,,"US,US"
576,2,2,42,1,550,115117689,1287,022606DC8E790507,,,-0.51,2.59,,,,,,,,45000,,,,,"US,US"
577,2,2,42,1,550,115117692,1287,022606DC8E7C0507,,,-0.51,2.59,,,,,,,,45000,,,,,"US,US"
578,2,2,42,1,550,115117695,1287,022606DC8E7F0507,,,-0.51,2.59,,,,,,,,45000,,,,,"US,US"
579,2,2,42,1,550,115117700,1287,022606DC8E840507,,,-0.51,2.59,,,,,,,,45000,,,,,"US,US"
580,2,2,42,1,550,115117703,1287,022606DC8E870507,,,-0.51,2.59,,,,,,,,45000,,,,,"US,US"
581,2,2,42,1,550,115117707,1287,022606DC8E8B0507,,,-0.51,2.59,,,,,,,,45000,,,,,"US,US"
582,2,2,42,1,550,115117710,1287,022606DC8E8E0507,,,-0.51,2.59,,,,,,,,45000,,,,,"US,US"
583,2,2,42,1,550,115117844,1287,022606DC8F140507,,,-0.51,2.59,,,,,,,,45000,,,,,"US,US"
584,2,2,42,1,550,115117856,1287,022606DC8F200507,,,-0.51,2.59,,,,,,,,45000,,,,,"US,US"
585,3,1,42,1,550,175396962,1080,02260A7458620438,,,-0.51,0,,,,,,,,,,,,19990529,"US,US,graph,chart 11322"
586,3,1,42,1,550,175397003,1080,02260A74588B0438,,,-0.51,0,,,,,,,,,,,,19990529,"US,US,graph,chart 11322"
587,3,1,42,1,550,175397044,1080,02260A7458B40438,,,-0.51,0,,,,,,,,,,,,19990529,"US,US,graph,chart 11322"
588,3,1,42,1,550,175397058,1080,02260A7458C20438,,,-0.51,0,,,,,,,,,,,,19990529,"US,US,graph,chart 11322"
589,3,1,42,1,550,175397096,1080,02260A7458E80438,,,-0.51,0,,,,,,,,,,,,19990529,"US,US,graph,chart 11322"
590,3,1,42,1,550,175397109,1080,02260A7458F50438,,,-0.51,0,,,,,,,,,,,,19990529,"US,US,graph,chart 11322"
591,3,1,42,1,550,175397122,1080,02260A7459020438,,,-0.51,0,,,,,,,,,,,,19990529,"US,US,graph,chart 11322"
592,3,1,42,1,550,175397134,1080,02260A74590E0438,,,-0.51,0,,,,,,,,,,,,19990529,"US,US,graph,chart 11322"
593,3,1,42,1,550,175397147,1080,02260A74591B0438,,,-0.51,0,,,,,,,,,,,,19990529,"US,US,graph,chart 11322"
594,3,1,42,1,550,175397161,1080,02260A7459290438,,,-0.51,0,,,,,,,,,,,,19990529,"US,US,graph,chart 11322"
595,3,1,42,1,550,175397175,1080,02260A7459370438,,,-0.51,0,,,,,,,,,,,,19990529,"US,US,graph,chart 11322"
596,3,1,42,1,550,175397188,1080,02260A7459440438,,,-0.51,0,,,,,,,,,,,,19990529,"US,US,graph,chart 11322"
597,3,1,42,1,550,175399782,1080,02260A7463660438,,,0,0.91,,,,,,,,,,,,19990529,"US,US,graph,chart 11322"
598,3,1,42,1,550,175399797,1080,02260A7463750438,,,0,0.91,,,,,,,,,,,,19990529,"US,US,graph,chart 11322"
599,3,1,42,1,550,175399811,1080,02260A7463830438,,,0,0.91,,,,,,,,,,,,19990529,"US,US,graph,chart 11322"
600,3,1,42,1,550,175399824,1080,02260A7463900438,,,0,0.91,,,,,,,,,,,,19990529,"US,US,graph,chart 11322"
601,3,1,42,1,550,175399838,1080,02260A74639E0438,,,0,0.91,,,,,,,,,,,,19990529,"US,US,graph,chart 11322"
602,3,1,42,1,550,175399852,1080,02260A7463AC0438,,,0,0.91,,,,,,,,,,,,19990529,"US,US,graph,chart 11322"
603,3,1,42,1,550,175399866,1080,02260A7463BA0438,,,0,0.91,,,,,,,,,,,,19990529,"US,US,graph,chart 11322"
604,3,1,42,1,550,175399881,1080,02260A7463C90438,,,0,0.91,,,,,,,,,,,,19990529,"US,US,graph,chart 11322"
605,3,1,42,1,550,175399894,1080,02260A7463D60438,,,0,0.91,,,,,,,,,,,,19990529,"US,US,graph,chart 11322"
606,3,1,42,1,550,175399908,1080,02260A7463E40438,,,0,0.91,,,,,,,,,,,,19990529,"US,US,graph,chart 11322"
607,3,1,42,1,550,175399922,1080,02260A7463F20438,,,0,0.91,,,,,,,,,,,,19990529,"US,US,graph,chart 11322"
608,3,1,42,1,550,175399936,1080,02260A7464000438,,,0,0.91,,,,,,,,,,,,19990529,"US,US,graph,chart 11322"
609,3,1,42,1,550,175399949,1080,02260A74640D0438,,,0,0.91,,,,,,,,,,,,19990529,"US,US,graph,chart 11322"
610,3,1,42,1,550,175400483,1080,02260A7466230438,,,0,0.91,,,,,,,,,,,,19990529,"US,US,graph,chart 11322"
611,3,1,42,1,550,175400497,1080,02260A7466310438,,,0,0.91,,,,,,,,,,,,19990529,"US,US,graph,chart 11322"
612,3,1,42,1,550,175400510,1080,02260A74663E0438,,,0,0.91,,,,,,,,,,,,19990529,"US,US,graph,chart 11322"
613,3,1,42,1,550,175511577,1080,02260A7618190438,,,0,0.91,,,,,,,,,,,,19990529,"US,US,graph,chart 11322"
614,3,1,42,1,550,175511598,1080,02260A76182E0438,,,-0.51,0,,,,,,,,,,,,19990529,"US,US,graph,chart 11322"
615,3,1,42,1,550,175517704,1080,02260A7630080438,,,0.6,0.91,9,,,,,,,,,,,19990425,"US,US,reprt,L-867/99"
616,3,1,42,1,550,175517720,1080,02260A7630180438,,,2.74,3.65,,,,,,,,,,,,19840000,"US,US,graph,chart 11322"
617,3,1,42,1,550,236066284,1132,02260E1215EC046C,,,2.59,3.65,,,,The depths from the Intracoastal Waterway to a point 26.0 statute miles upstream are for a mid-width of 50 feet. Surveyed Apr 1994 - May 1999.,,,,,,,,19940400,"US,US,reprt,L-235/00,CO-30/00"
618,2,2,42,1,550,115117176,1287,022606DC8C780507,,,-0.51,0,,,,,,,,45000,,,,,"US,US"
619,2,2,42,1,550,115117179,1287,022606DC8C7B0507,,,0.91,3.65,,,,,,,,45000,,,,,"US,US"
620,2,2,42,1,550,115117182,1287,022606DC8C7E0507,,,-0.51,0,,,,,,,,45000,,,,,"US,US"
621,2,2,42,1,550,115117188,1287,022606DC8C840507,,,-0.51,0,,,,,,,,45000,,,,,"US,US"
622,2,2,42,1,550,115117198,1287,022606DC8C8E0507,,,-0.51,0,,,,,,,,45000,,,,,"US,US"
623,2,2,42,1,550,115117203,1287,022606DC8C930507,,,-0.51,0,,,,,,,,45000,,,,,"US,US"
624,2,2,42,1,550,115117207,1287,022606DC8C970507,,,-0.51,0,,,,,,,,45000,,,,,"US,US"
625,2,2,42,1,550,115117210,1287,022606DC8C9A0507,,,-0.51,0,,,,,,,,45000,,,,,"US,US"
626,2,2,42,1,550,115117213,1287,022606DC8C9D0507,,,-0.51,0,,,,,,,,45000,,,,,"US,US"
627,2,2,42,1,550,115117217,1287,022606DC8CA10507,,,-0.51,0,,,,,,,,45000,,,,,"US,US"
628,2,2,42,1,550,115117225,1287,022606DC8CA90507,,,-0.51,0,,,,,,,,45000,,,,,"US,US"
629,2,2,42,1,550,115117233,1287,022606DC8CB10507,,,-0.51,0,,,,,,,,45000,,,,,"US,US"
630,2,2,42,1,550,115117238,1287,022606DC8CB60507,,,-0.51,0,,,,,,,,45000,,,,,"US,US"
631,2,2,42,1,550,115117242,1287,022606DC8CBA0507,,,-0.51,0,,,,,,,,45000,,,,,"US,US"
632,2,2,42,1,550,115117246,1287,022606DC8CBE0507,,,-0.51,0,,,,,,,,45000,,,,,"US,US"
633,2,2,42,1,550,115117255,1287,022606DC8CC70507,,,-0.51,0,,,,,,,,45000,,,,,"US,US"
634,2,2,42,1,550,115117260,1287,022606DC8CCC0507,,,-0.51,0,,,,,,,,45000,,,,,"US,US"
635,2,2,42,1,550,115117268,1287,022606DC8CD40507,,,-0.51,0,,,,,,,,45000,,,,,"US,US"
636,2,2,42,1,550,115117276,1287,022606DC8CDC0507,,,-0.51,0,,,,,,,,45000,,,,,"US,US"
637,2,2,42,1,550,115117281,1287,022606DC8CE10507,,,-0.51,0,,,,,,,,45000,,,,,"US,US"
638,2,2,42,1,550,115117305,1287,022606DC8CF90507,,,0,1.82,,,,,,,,45000,,,,,"US,US"
639,2,2,42,1,550,115117312,1287,022606DC8D000507,,,-0.51,1.82,,,,,,,,45000,,,,,"US,US"
640,2,2,42,1,550,115117384,1287,022606DC8D480507,,,-0.51,0,,,,,,,,45000,,,,,"US,US"
641,2,2,42,1,550,115117388,1287,022606DC8D4C0507,,,-0.51,0,,,,,,,,45000,,,,,"US,US"
642,2,2,42,1,550,115117397,1287,022606DC8D550507,,,0,2.74,,,,,,,,45000,,,,,"US,US"
643,2,2,42,1,550,115117401,1287,022606DC8D590507,,,0,2.74,,,,,,,,45000,,,,,"US,US"
644,2,2,42,1,550,115117404,1287,022606DC8D5C0507,,,0.91,3.65,,,,,,,,45000,,,,,"US,US"
645,2,2,42,1,550,115117408,1287,022606DC8D600507,,,-0.51,0,,,,,,,,45000,,,,,"US,US"
646,2,2,42,1,550,115117412,1287,022606DC8D640507,,,-0.51,0,,,,,,,,45000,,,,,"US,US"
647,2,2,42,1,550,115117415,1287,022606DC8D670507,,,-0.51,0,,,,,,,,45000,,,,,"US,US"
648,2,2,42,1,550,115117418,1287,022606DC8D6A0507,,,-0.51,0,,,,,,,,45000,,,,,"US,US"
649,2,2,42,1,550,115117427,1287,022606DC8D730507,,,-0.51,0,,,,,,,,45000,,,,,"US,US"
650,2,2,42,1,550,115117430,1287,022606DC8D760507,,,-0.51,0,,,,,,,,45000,,,,,"US,US"
651,2,2,42,1,550,115117433,1287,022606DC8D790507,,,-0.51,0,,,,,,,,45000,,,,,"US,US"
652,2,2,42,1,550,115117436,1287,022606DC8D7C0507,,,0.91,2.59,,,,,,,,45000,,,,,"US,US"
653,2,2,42,1,550,115117439,1287,022606DC8D7F0507,,,-0.51,0,,,,,,,,45000,,,,,"US,US"
654,2,2,42,1,550,115117442,1287,022606DC8D820507,,,-0.51,0,,,,,,,,45000,,,,,"US,US"
655,2,2,42,1,550,115117446,1287,022606DC8D860507,,,-0.51,0,,,,,,,,45000,,,,,"US,US"
656,2,2,42,1,550,115117449,1287,022606DC8D890507,,,-0.51,0,,,,,,,,45000,,,,,"US,US"
657,2,2,42,1,550,115117452,1287,022606DC8D8C0507,,,-0.51,0,,,,,,,,45000,,,,,"US,US"
658,2,2,42,1,550,115117455,1287,022606DC8D8F0507,,,0.91,2.59,,,,,,,,45000,,,,,"US,US"
659,2,2,42,1,550,115117458,1287,022606DC8D920507,,,0.91,2.59,,,,,,,,45000,,,,,"US,US"
660,2,2,42,1,550,115117461,1287,022606DC8D950507,,,-0.51,0,,,,,,,,45000,,,,,"US,US"
661,2,2,42,1,550,115117464,1287,022606DC8D980507,,,-0.51,0,,,,,,,,45000,,,,,"US,US"
662,2,2,42,1,550,115117467,1287,022606DC8D9B0507,,,-0.51,0,,,,,,,,45000,,,,,"US,US"
663,2,2,42,1,550,115117470,1287,022606DC8D9E0507,,,0.91,2.59,,,,,,,,45000,,,,,"US,US"
664,2,2,42,1,550,115117473,1287,022606DC8DA10507,,,0.91,2.59,,,,,,,,45000,,,,,"US,US"
665,2,2,42,1,550,115117478,1287,022606DC8DA60507,,,-0.51,0,,,,,,,,45000,,,,,"US,US"
666,2,2,42,1,550,115117481,1287,022606DC8DA90507,,,-0.51,0,,,,,,,,45000,,,,,"US,US"
667,2,2,42,1,550,115117485,1287,022606DC8DAD0507,,,-0.51,0,,,,,,,,45000,,,,,"US,US"
668,2,2,42,1,550,115117488,1287,022606DC8DB00507,,,-0.51,0,,,,,,,,45000,,,,,"US,US"
669,2,2,42,1,550,115117491,1287,022606DC8DB30507,,,0.91,2.59,,,,,,,,45000,,,,,"US,US"
670,2,2,42,1,550,115117497,1287,022606DC8DB90507,,,-0.51,0,,,,,,,,45000,,,,,"US,US"
671,2,2,42,1,550,115117500,1287,022606DC8DBC0507,,,0.91,2.59,,,,,,,,45000,,,,,"US,US"
672,2,2,42,1,550,115117503,1287,022606DC8DBF0507,,,-0.51,0,,,,,,,,45000,,,,,"US,US"
673,2,2,42,1,550,115117506,1287,022606DC8DC20507,,,-0.51,0,,,,,,,,45000,,,,,"US,US"
674,2,2,42,1,550,115117509,1287,022606DC8DC50507,,,-0.51,0,,,,,,,,45000,,,,,"US,US"
675,2,2,42,1,550,115117512,1287,022606DC8DC80507,,,0.91,2.59,,,,,,,,45000,,,,,"US,US"
676,2,2,42,1,550,115117515,1287,022606DC8DCB0507,,,-0.51,0,,,,,,,,45000,,,,,"US,US"
677,2,2,42,1,550,115117518,1287,022606DC8DCE0507,,,-0.51,0,,,,,,,,45000,,,,,"US,US"
678,2,2,42,1,550,115117521,1287,022606DC8DD10507,,,-0.51,0,,,,,,,,45000,,,,,"US,US"
679,2,2,42,1,550,115117524,1287,022606DC8DD40507,,,-0.51,0,,,,,,,,45000,,,,,"US,US"
680,2,2,42,1,550,115117527,1287,022606DC8DD70507,,,0.91,2.59,,,,,,,,45000,,,,,"US,US"
681,2,2,42,1,550,115117531,1287,022606DC8DDB0507,,,0.91,2.59,,,,,,,,45000,,,,,"US,US"
682,2,2,42,1,550,115117534,1287,022606DC8DDE0507,,,-0.51,0,,,,,,,,45000,,,,,"US,US"
683,2,2,42,1,550,115117537,1287,022606DC8DE10507,,,-0.51,0,,,,,,,,45000,,,,,"US,US"
684,2,2,42,1,550,115117540,1287,022606DC8DE40507,,,-0.51,0,,,,,,,,45000,,,,,"US,US"
685,2,2,42,1,550,115117543,1287,022606DC8DE70507,,,0.91,2.59,,,,,,,,45000,,,,,"US,US"
686,2,2,42,1,550,115117546,1287,022606DC8DEA0507,,,-0.51,0,,,,,,,,45000,,,,,"US,US"
687,2,2,42,1,550,115117549,1287,022606DC8DED0507,,,-0.51,0,,,,,,,,45000,,,,,"US,US"
688,2,2,42,1,550,115117552,1287,022606DC8DF00507,,,-0.51,0,,,,,,,,45000,,,,,"US,US"
689,2,2,42,1,550,115117555,1287,022606DC8DF30507,,,0.91,2.59,,,,,,,,45000,,,,,"US,US"
690,2,2,42,1,550,115117558,1287,022606DC8DF60507,,,-0.51,0,,,,,,,,45000,,,,,"US,US"
691,2,2,42,1,550,115117561,1287,022606DC8DF90507,,,-0.51,0,,,,,,,,45000,,,,,"US,US"
692,2,2,42,1,550,115117564,1287,022606DC8DFC0507,,,-0.51,0,,,,,,,,45000,,,,,"US,US"
693,2,2,42,1,550,115117567,1287,022606DC8DFF0507,,,0.91,2.59,,,,,,,,45000,,,,,"US,US"
694,2,2,42,1,550,115117570,1287,022606DC8E020507,,,-0.51,0,,,,,,,,45000,,,,,"US,US"
695,2,2,42,1,550,115117573,1287,022606DC8E050507,,,-0.51,0,,,,,,,,45000,,,,,"US,US"
696,2,2,42,1,550,115117576,1287,022606DC8E080507,,,-0.51,0,,,,,,,,45000,,,,,"US,US"
697,2,2,42,1,550,115117579,1287,022606DC8E0B0507,,,0.91,2.59,,,,,,,,45000,,,,,"US,US"
698,2,2,42,1,550,115117583,1287,022606DC8E0F0507,,,-0.51,0,,,,,,,,45000,,,,,"US,US"
699,2,2,42,1,550,115117586,1287,022606DC8E120507,,,-0.51,0,,,,,,,,45000,,,,,"US,US"
700,2,2,42,1,550,115117589,1287,022606DC8E150507,,,0.91,2.59,,,,,,,,45000,,,,,"US,US"
701,2,2,42,1,550,115117593,1287,022606DC8E190507,,,-0.51,0,,,,,,,,45000,,,,,"US,US"
702,2,2,42,1,550,115117597,1287,022606DC8E1D0507,,,-0.51,0,,,,,,,,45000,,,,,"US,US"
703,2,2,42,1,550,115117601,1287,022606DC8E210507,,,0.91,3.65,,,,,,,,45000,,,,,"US,US"
704,2,2,42,1,550,115117605,1287,022606DC8E250507,,,0.91,3.65,,,,,,,,45000,,,,,"US,US"
705,2,2,42,1,550,115117608,1287,022606DC8E280507,,,-0.51,0,,,,,,,,45000,,,,,"US,US"
706,2,2,42,1,550,115117611,1287,022606DC8E2B0507,,,0.91,3.65,,,,,,,,45000,,,,,"US,US"
707,2,2,42,1,550,115117616,1287,022606DC8E300507,,,-0.51,0,,,,,,,,45000,,,,,"US,US"
708,2,2,42,1,550,115117619,1287,022606DC8E330507,,,-0.51,0,,,,,,,,45000,,,,,"US,US"
709,2,2,42,1,550,115117622,1287,022606DC8E360507,,,-0.51,0,,,,,,,,45000,,,,,"US,US"
710,2,2,42,1,550,115117624,1287,022606DC8E380507,,,-0.51,0,,,,,,,,45000,,,,,"US,US"
711,2,2,42,1,550,115117630,1287,022606DC8E3E0507,,,-0.51,0,,,,,,,,45000,,,,,"US,US"
712,2,2,42,1,550,115117634,1287,022606DC8E420507,,,0.91,3.65,,,,,,,,45000,,,,,"US,US"
713,2,2,42,1,550,115117637,1287,022606DC8E450507,,,-0.51,0.6,,,,,,,,45000,,,,,"US,US"
714,2,2,42,1,550,115117641,1287,022606DC8E490507,,,-0.51,0.6,,,,,,,,45000,,,,,"US,US"
715,2,2,42,1,550,115117645,1287,022606DC8E4D0507,,,-0.51,0.6,,,,,,,,45000,,,,,"US,US"
716,2,2,42,1,550,115117648,1287,022606DC8E500507,,,-0.51,0.6,,,,,,,,45000,,,,,"US,US"
717,2,2,42,1,550,115117652,1287,022606DC8E540507,,,-0.51,0.6,,,,,,,,45000,,,,,"US,US"
718,2,2,42,1,550,115117656,1287,022606DC8E580507,,,-0.51,0.6,,,,,,,,45000,,,,,"US,US"
719,2,2,42,1,550,115117659,1287,022606DC8E5B0507,,,0.91,2.59,,,,,,,,45000,,,,,"US,US"
720,2,2,42,1,550,115117662,1287,022606DC8E5E0507,,,0.91,2.59,,,,,,,,45000,,,,,"US,US"
721,2,2,42,1,550,115117667,1287,022606DC8E630507,,,-0.51,2.74,,,,,,,,45000,,,,,"US,US"
722,2,2,42,1,550,115117676,1287,022606DC8E6C0507,,,-0.51,2.74,,,,,,,,45000,,,,,"US,US"
723,2,2,42,1,550,115117681,1287,022606DC8E710507,,,-0.51,2.74,,,,,,,,45000,,,,,"US,US"
724,2,2,42,1,550,115117683,1287,022606DC8E730507,,,-0.51,2.74,,,,,,,,45000,,,,,"US,US"
725,2,2,42,1,550,115117713,1287,022606DC8E910507,,,-0.51,2.59,,,,,,,,45000,,,,,"US,US"
726,2,2,42,1,550,115117716,1287,022606DC8E940507,,,-0.51,2.59,,,,,,,,45000,,,,,"US,US"
727,2,2,42,1,550,115117719,1287,022606DC8E970507,,,-0.51,2.59,,,,,,,,45000,,,,,"US,US"
728,2,2,42,1,550,115117722,1287,022606DC8E9A0507,,,-0.51,2.59,,,,,,,,45000,,,,,"US,US"
729,2,2,42,1,550,115117728,1287,022606DC8EA00507,,,-0.51,2.59,,,,,,,,45000,,,,,"US,US"
730,2,2,42,1,550,115117732,1287,022606DC8EA40507,,,-0.51,2.59,,,,,,,,45000,,,,,"US,US"
731,2,2,42,1,550,115117735,1287,022606DC8EA70507,,,-0.51,2.59,,,,,,,,45000,,,,,"US,US"
732,2,2,42,1,550,115117739,1287,022606DC8EAB0507,,,-0.51,2.59,,,,,,,,45000,,,,,"US,US"
733,2,2,42,1,550,115117743,1287,022606DC8EAF0507,,,-0.51,2.59,,,,,,,,45000,,,,,"US,US"
734,2,2,42,1,550,115117750,1287,022606DC8EB60507,,,-0.51,2.59,,,,,,,,45000,,,,,"US,US"
735,2,2,42,1,550,115117755,1287,022606DC8EBB0507,,,-0.51,2.59,,,,,,,,45000,,,,,"US,US"
736,2,2,42,1,550,115117758,1287,022606DC8EBE0507,,,-0.51,2.59,,,,,,,,45000,,,,,"US,US"
737,2,2,42,1,550,115117761,1287,022606DC8EC10507,,,-0.51,2.59,,,,,,,,45000,,,,,"US,US"
738,2,2,42,1,550,115117764,1287,022606DC8EC40507,,,-0.51,2.59,,,,,,,,45000,,,,,"US,US"
739,2,2,42,1,550,115117767,1287,022606DC8EC70507,,,-0.51,2.59,,,,,,,,45000,,,,,"US,US"
740,2,2,42,1,550,115117770,1287,022606DC8ECA0507,,,-0.51,2.59,,,,,,,,45000,,,,,"US,US"
741,2,2,42,1,550,115117774,1287,022606DC8ECE0507,,,-0.51,2.59,,,,,,,,45000,,,,,"US,US"
742,2,2,42,1,550,115117778,1287,022606DC8ED20507,,,-0.51,2.59,,,,,,,,45000,,,,,"US,US"
743,2,2,42,1,550,115117782,1287,022606DC8ED60507,,,-0.51,2.59,,,,,,,,45000,,,,,"US,US"
744,2,2,42,1,550,115117786,1287,022606DC8EDA0507,,,-0.51,2.59,,,,,,,,45000,,,,,"US,US"
745,2,2,42,1,550,115117792,1287,022606DC8EE00507,,,-0.51,2.59,,,,,,,,45000,,,,,"US,US"
746,2,2,42,1,550,115117796,1287,022606DC8EE40507,,,-0.51,2.59,,,,,,,,45000,,,,,"US,US"
747,2,2,42,1,550,115117799,1287,022606DC8EE70507,,,-0.51,2.59,,,,,,,,45000,,,,,"US,US"
748,2,2,42,1,550,115117807,1287,022606DC8EEF0507,,,-0.51,2.59,,,,,,,,45000,,,,,"US,US"
749,2,2,42,1,550,115117810,1287,022606DC8EF20507,,,-0.51,2.59,,,,,,,,45000,,,,,"US,US"
750,2,2,42,1,550,115117813,1287,022606DC8EF50507,,,-0.51,2.59,,,,,,,,45000,,,,,"US,US"
751,2,2,42,1,550,115117816,1287,022606DC8EF80507,,,-0.51,2.59,,,,,,,,45000,,,,,"US,US"
752,2,2,42,1,550,115117819,1287,022606DC8EFB0507,,,-0.51,2.59,,,,,,,,45000,,,,,"US,US"
753,2,2,42,1,550,115117822,1287,022606DC8EFE0507,,,-0.51,2.59,,,,,,,,45000,,,,,"US,US"
754,2,2,42,1,550,115117824,1287,022606DC8F000507,,,-0.51,2.59,,,,,,,,45000,,,,,"US,US"
755,2,2,42,1,550,115117828,1287,022606DC8F040507,,,-0.51,2.59,,,,,,,,45000,,,,,"US,US"
756,2,2,42,1,550,115117830,1287,022606DC8F060507,,,-0.51,2.59,,,,,,,,45000,,,,,"US,US"
757,2,2,42,1,550,115117833,1287,022606DC8F090507,,,-0.51,2.59,,,,,,,,45000,,,,,"US,US"
758,2,2,42,1,550,115117837,1287,022606DC8F0D0507,,,-0.51,2.59,,,,,,,,45000,,,,,"US,US"
759,2,2,42,1,550,115117860,1287,022606DC8F240507,,,-0.51,2.59,,,,,,,,45000,,,,,"US,US"
760,2,2,42,1,550,115117863,1287,022606DC8F270507,,,-0.51,2.59,,,,,,,,45000,,,,,"US,US"
761,2,2,42,1,550,115117874,1287,022606DC8F320507,,,-0.51,2.59,,,,,,,,45000,,,,,"US,US"
762,2,2,42,1,550,115119932,1287,022606DC973C0507,,,-0.51,3.65,,,,,,,,45000,,,,,"US,US"
763,2,2,42,1,550,115119935,1287,022606DC973F0507,,,-0.51,3.65,,,,,,,,45000,,,,,"US,US"
764,2,2,42,1,550,115119941,1287,022606DC97450507,,,-0.51,3.65,,,,,,,,45000,,,,,"US,US"
765,2,2,42,1,550,115119945,1287,022606DC97490507,,,-0.51,3.65,,,,,,,,45000,,,,,"US,US"
766,2,2,42,1,550,115119950,1287,022606DC974E0507,,,-0.51,3.65,,,,,,,,45000,,,,,"US,US"
767,2,2,42,1,550,115119954,1287,022606DC97520507,,,-0.51,3.65,,,,,,,,45000,,,,,"US,US"
768,2,2,42,1,550,115119959,1287,022606DC97570507,,,-0.51,3.65,,,,,,,,45000,,,,,"US,US"
769,2,2,42,1,550,115119963,1287,022606DC975B0507,,,-0.51,3.65,,,,,,,,45000,,,,,"US,US"
770,2,2,42,1,550,115119970,1287,022606DC97620507,,,-0.51,3.65,,,,,,,,45000,,,,,"US,US"
771,2,2,42,1,550,115119982,1287,022606DC976E0507,,,-0.51,3.65,,,,,,,,45000,,,,,"US,US"
772,2,2,42,1,550,115119986,1287,022606DC97720507,,,-0.51,3.65,,,,,,,,45000,,,,,"US,US"
773,2,2,42,1,550,115119991,1287,022606DC97770507,,,-0.51,3.65,,,,,,,,45000,,,,,"US,US"
774,2,2,42,1,550,115120211,1287,022606DC98530507,,,-0.51,3.65,,,,,,,,45000,,,,,"US,US"
775,2,2,42,1,550,115117878,1287,022606DC8F360507,,,-0.51,2.59,,,,,,,,45000,,,,,"US,US"
776,3,1,42,1,550,175394852,1080,02260A7450240438,,,-0.51,0,,,,,,,,,,,,19990529,"US,US,graph,chart 11322"
777,3,1,42,1,550,175394870,1080,02260A7450360438,,,-0.51,0,,,,,,,,,,,,19990529,"US,US,graph,chart 11322"
778,3,1,42,1,550,175394888,1080,02260A7450480438,,,-0.51,0,,,,,,,,,,,,19990529,"US,US,graph,chart 11322"
779,3,1,42,1,550,175394900,1080,02260A7450540438,,,-0.51,0,,,,,,,,,,,,19990529,"US,US,graph,chart 11322"
780,3,1,42,1,550,175394915,1080,02260A7450630438,,,-0.51,0,,,,,,,,,,,,19990529,"US,US,graph,chart 11322"
781,3,1,42,1,550,175394929,1080,02260A7450710438,,,-0.51,0,,,,,,,,,,,,19990529,"US,US,graph,chart 11322"
782,3,1,42,1,550,175397217,1080,02260A7459610438,,,-0.51,0,,,,,,,,,,,,19990529,"US,US,graph,chart 11322"
783,3,1,42,1,550,175398196,1080,02260A745D340438,,,-0.51,0,,,,,,,,,,,,19990529,"US,US,graph,chart 11322"
784,3,1,42,1,550,175399469,1080,02260A74622D0438,,,0,0.91,,,,,,,,,,,,19990529,"US,US,graph,chart 11322"
785,3,1,42,1,550,175399767,1080,02260A7463570438,,,0,0.91,,,,,,,,,,,,19990529,"US,US,graph,chart 11322"
786,3,1,42,1,550,175399963,1080,02260A74641B0438,,,0,0.91,,,,,,,,,,,,19990529,"US,US,graph,chart 11322"
787,3,1,42,1,550,175400567,1080,02260A7466770438,,,0,0.91,,,,,,,,,,,,19990529,"US,US,graph,chart 11322"
788,2,2,42,1,550,115117332,1287,022606DC8D140507,,,-0.51,3.65,,,,,,,,45000,,,,,"US,US"
789,2,2,42,1,550,115117335,1287,022606DC8D170507,,,-0.51,3.65,,,,,,,,45000,,,,,"US,US"
790,2,2,42,1,550,115117422,1287,022606DC8D6E0507,,,-0.51,0,,,,,,,,45000,,,,,"US,US"
791,2,2,42,1,550,115117424,1287,022606DC8D700507,,,-0.51,0,,,,,,,,45000,,,,,"US,US"
792,2,2,42,1,550,115117886,1287,022606DC8F3E0507,,,0.91,3.65,,,,,,,,45000,,,,,"US,US"
793,2,2,42,1,550,115117894,1287,022606DC8F460507,,,-0.51,0,,,,,,,,45000,,,,,"US,US"
794,2,2,42,1,550,115117897,1287,022606DC8F490507,,,-0.51,0,,,,,,,,45000,,,,,"US,US"
795,2,2,42,1,550,115117902,1287,022606DC8F4E0507,,,-0.51,0,,,,,,,,45000,,,,,"US,US"
796,2,2,42,1,550,115117905,1287,022606DC8F510507,,,-0.51,0,,,,,,,,45000,,,,,"US,US"
797,2,2,42,1,550,115117908,1287,022606DC8F540507,,,-0.51,0,,,,,,,,45000,,,,,"US,US"
798,2,2,42,1,550,115117912,1287,022606DC8F580507,,,-0.51,0,,,,,,,,45000,,,,,"US,US"
799,2,2,42,1,550,115117917,1287,022606DC8F5D0507,,,-0.51,0,,,,,,,,45000,,,,,"US,US"
800,2,2,42,1,550,115117920,1287,022606DC8F600507,,,-0.51,0,,,,,,,,45000,,,,,"US,US"
801,2,2,42,1,550,115117923,1287,022606DC8F630507,,,-0.51,0,,,,,,,,45000,,,,,"US,US"
802,2,2,42,1,550,115117926,1287,022606DC8F660507,,,-0.51,0,,,,,,,,45000,,,,,"US,US"
803,2,2,42,1,550,115117930,1287,022606DC8F6A0507,,,-0.51,0,,,,,,,,45000,,,,,"US,US"
804,2,2,42,1,550,115117933,1287,022606DC8F6D0507,,,-0.51,0,,,,,,,,45000,,,,,"US,US"
805,2,2,42,1,550,115117939,1287,022606DC8F730507,,,-0.51,0,,,,,,,,45000,,,,,"US,US"
806,2,2,42,1,550,115117942,1287,022606DC8F760507,,,-0.51,0,,,,,,,,45000,,,,,"US,US"
807,2,2,42,1,550,115117945,1287,022606DC8F790507,,,0.91,3.65,,,,,,,,45000,,,,,"US,US"
808,2,2,42,1,550,115117948,1287,022606DC8F7C0507,,,-0.51,0,,,,,,,,45000,,,,,"US,US"
809,2,2,42,1,550,115117951,1287,022606DC8F7F0507,,,-0.51,0,,,,,,,,45000,,,,,"US,US"
810,2,2,42,1,550,115117955,1287,022606DC8F830507,,,-0.51,0,,,,,,,,45000,,,,,"US,US"
811,2,2,42,1,550,115117959,1287,022606DC8F870507,,,-0.51,0,,,,,,,,45000,,,,,"US,US"
812,2,2,42,1,550,115118027,1287,022606DC8FCB0507,,,0.91,3.65,,,,,,,,45000,,,,,"US,US"
813,2,2,42,1,550,115118068,1287,022606DC8FF40507,,,-0.51,0,,,,,,,,45000,,,,,"US,US"
814,2,2,42,1,550,115118089,1287,022606DC90090507,,,-0.51,1.82,,,,,,,,45000,,,,,"US,US"
815,2,2,42,1,550,115118109,1287,022606DC901D0507,,,-0.51,3.65,,,,,,,,45000,,,,,"US,US"
816,2,2,42,1,550,115118141,1287,022606DC903D0507,,,0.91,3.65,,,,,,,,45000,,,,,"US,US"
817,2,2,42,1,550,115118618,1287,022606DC921A0507,,,-0.51,4.26,,,,,,,,45000,,,,,"US,US"
818,2,2,42,1,550,115118621,1287,022606DC921D0507,,,-0.51,4.26,,,,,,,,45000,,,,,"US,US"
819,2,2,42,1,550,115118627,1287,022606DC92230507,,,-0.51,4.26,,,,,,,,45000,,,,,"US,US"
820,2,2,42,1,550,115118630,1287,022606DC92260507,,,-0.51,4.26,,,,,,,,45000,,,,,"US,US"
821,2,2,42,1,550,115118633,1287,022606DC92290507,,,-0.51,4.26,,,,,,,,45000,,,,,"US,US"
822,2,2,42,1,550,115118636,1287,022606DC922C0507,,,3.65,4.26,,,,,,,,45000,,,,,"US,US"
823,2,2,42,1,550,115118641,1287,022606DC92310507,,,-0.51,4.26,,,,,,,,45000,,,,,"US,US"
824,2,2,42,1,550,115118677,1287,022606DC92550507,,,-0.51,4.26,,,,,,,,45000,,,,,"US,US"
825,2,2,42,1,550,115118685,1287,022606DC925D0507,,,-0.51,4.26,,,,,,,,45000,,,,,"US,US"
826,2,2,42,1,550,115119097,1287,022606DC93F90507,,,-0.51,0,,,,,,,,45000,,,,,"US,US"
827,2,2,42,1,550,115119101,1287,022606DC93FD0507,,,-0.51,0,,,,,,,,45000,,,,,"US,US"
828,2,2,42,1,550,115119105,1287,022606DC94010507,,,-0.51,0,,,,,,,,45000,,,,,"US,US"
829,2,2,42,1,550,115119108,1287,022606DC94040507,,,0.91,11.27,,,,,,,,45000,,,,,"US,US"
830,2,2,42,1,550,115119112,1287,022606DC94080507,,,0.91,11.58,,,,,,,,45000,,,,,"US,US"
831,2,2,42,1,550,115119115,1287,022606DC940B0507,,,-0.51,0,,,,,,,,45000,,,,,"US,US"
832,2,2,42,1,550,115119118,1287,022606DC940E0507,,,-0.51,0,,,,,,,,45000,,,,,"US,US"
833,2,2,42,1,550,115119121,1287,022606DC94110507,,,-0.51,0,,,,,,,,45000,,,,,"US,US"
834,2,2,42,1,550,115119203,1287,022606DC94630507,,,0.91,11.27,,,,,,,,45000,,,,,"US,US"
835,2,2,42,1,550,115119207,1287,022606DC94670507,,,0.91,10.66,,,,,,,,45000,,,,,"US,US"
836,2,2,42,1,550,115119212,1287,022606DC946C0507,,,0.91,11.58,,,,,,,,45000,,,,,"US,US"
837,2,2,42,1,550,115119994,1287,022606DC977A0507,,,1.21,3.65,,,,,,,,45000,,,,,"US,US"
838,2,2,42,1,550,115119998,1287,022606DC977E0507,,,-0.51,3.65,,,,,,,,45000,,,,,"US,US"
839,2,2,42,1,550,115120001,1287,022606DC97810507,,,-0.51,3.65,,,,,,,,45000,,,,,"US,US"
840,2,2,42,1,550,115120004,1287,022606DC97840507,,,-0.51,3.65,,,,,,,,45000,,,,,"US,US"
841,2,2,42,1,550,115120007,1287,022606DC97870507,,,-0.51,3.65,,,,,,,,45000,,,,,"US,US"
842,2,2,42,1,550,115120010,1287,022606DC978A0507,,,-0.51,3.65,,,,,,,,45000,,,,,"US,US"
843,2,2,42,1,550,115120013,1287,022606DC978D0507,,,-0.51,3.65,,,,,,,,45000,,,,,"US,US"
844,2,2,42,1,550,115120016,1287,022606DC97900507,,,-0.51,3.65,,,,,,,,45000,,,,,"US,US"
845,2,2,42,1,550,115120019,1287,022606DC97930507,,,-0.51,3.65,,,,,,,,45000,,,,,"US,US"
846,2,2,42,1,550,115120022,1287,022606DC97960507,,,-0.51,3.65,,,,,,,,45000,,,,,"US,US"
847,2,2,42,1,550,115120028,1287,022606DC979C0507,,,-0.51,3.65,,,,,,,,45000,,,,,"US,US"
848,2,2,42,1,550,115120032,1287,022606DC97A00507,,,-0.51,3.65,,,,,,,,45000,,,,,"US,US"
849,2,2,42,1,550,115120037,1287,022606DC97A50507,,,-0.51,3.65,,,,,,,,45000,,,,,"US,US"
850,2,2,42,1,550,115120040,1287,022606DC97A80507,,,-0.51,3.65,,,,,,,,45000,,,,,"US,US"
851,2,2,42,1,550,115120043,1287,022606DC97AB0507,,,-0.51,3.65,,,,,,,,45000,,,,,"US,US"
852,2,2,42,1,550,115120046,1287,022606DC97AE0507,,,-0.51,3.65,,,,,,,,45000,,,,,"US,US"
853,2,2,42,1,550,115120049,1287,022606DC97B10507,,,-0.51,3.65,,,,,,,,45000,,,,,"US,US"
854,2,2,42,1,550,115120055,1287,022606DC97B70507,,,-0.51,3.65,,,,,,,,45000,,,,,"US,US"
855,2,2,42,1,550,115120058,1287,022606DC97BA0507,,,1.21,3.65,,,,,,,,45000,,,,,"US,US"
856,2,2,42,1,550,115120062,1287,022606DC97BE0507,,,-0.51,3.65,,,,,,,,45000,,,,,"US,US"
857,2,2,42,1,550,115120065,1287,022606DC97C10507,,,-0.51,3.65,,,,,,,,45000,,,,,"US,US"
858,2,2,42,1,550,115120068,1287,022606DC97C40507,,,-0.51,3.65,,,,,,,,45000,,,,,"US,US"
859,2,2,42,1,550,115120072,1287,022606DC97C80507,,,-0.51,3.65,,,,,,,,45000,,,,,"US,US"
860,2,2,42,1,550,115120075,1287,022606DC97CB0507,,,-0.51,3.65,,,,,,,,45000,,,,,"US,US"
861,2,2,42,1,550,115120079,1287,022606DC97CF0507,,,-0.51,3.65,,,,,,,,45000,,,,,"US,US"
862,2,2,42,1,550,115120082,1287,022606DC97D20507,,,-0.51,3.65,,,,,,,,45000,,,,,"US,US"
863,2,2,42,1,550,115120086,1287,022606DC97D60507,,,-0.51,3.65,,,,,,,,45000,,,,,"US,US"
864,2,2,42,1,550,115120090,1287,022606DC97DA0507,,,-0.51,3.65,,,,,,,,45000,,,,,"US,US"
865,2,2,42,1,550,115120094,1287,022606DC97DE0507,,,-0.51,3.65,,,,,,,,45000,,,,,"US,US"
866,2,2,42,1,550,115120097,1287,022606DC97E10507,,,-0.51,3.65,,,,,,,,45000,,,,,"US,US"
867,2,2,42,1,550,115120100,1287,022606DC97E40507,,,-0.51,3.65,,,,,,,,45000,,,,,"US,US"
868,2,2,42,1,550,115120103,1287,022606DC97E70507,,,0.91,3.65,,,,,,,,45000,,,,,"US,US"
869,2,2,42,1,550,115120107,1287,022606DC97EB0507,,,-0.51,3.65,,,,,,,,45000,,,,,"US,US"
870,2,2,42,1,550,115120110,1287,022606DC97EE0507,,,-0.51,3.65,,,,,,,,45000,,,,,"US,US"
871,2,2,42,1,550,115120114,1287,022606DC97F20507,,,-0.51,3.65,,,,,,,,45000,,,,,"US,US"
872,2,2,42,1,550,115120117,1287,022606DC97F50507,,,0.91,3.65,,,,,,,,45000,,,,,"US,US"
873,2,2,42,1,550,115120121,1287,022606DC97F90507,,,-0.51,3.65,,,,,,,,45000,,,,,"US,US"
874,2,2,42,1,550,115120124,1287,022606DC97FC0507,,,1.21,3.65,,,,,,,,45000,,,,,"US,US"
875,2,2,42,1,550,115120130,1287,022606DC98020507,,,-0.51,3.65,,,,,,,,45000,,,,,"US,US"
876,2,2,42,1,550,115120134,1287,022606DC98060507,,,-0.51,3.65,,,,,,,,45000,,,,,"US,US"
877,2,2,42,1,550,115120139,1287,022606DC980B0507,,,-0.51,3.65,,,,,,,,45000,,,,,"US,US"
878,2,2,42,1,550,115120142,1287,022606DC980E0507,,,-0.51,3.65,,,,,,,,45000,,,,,"US,US"
879,2,2,42,1,550,115120145,1287,022606DC98110507,,,-0.51,3.65,,,,,,,,45000,,,,,"US,US"
880,2,2,42,1,550,115120148,1287,022606DC98140507,,,-0.51,3.65,,,,,,,,45000,,,,,"US,US"
881,2,2,42,1,550,115120153,1287,022606DC98190507,,,-0.51,3.65,,,,,,,,45000,,,,,"US,US"
882,2,2,42,1,550,115120156,1287,022606DC981C0507,,,-0.51,3.65,,,,,,,,45000,,,,,"US,US"
883,2,2,42,1,550,115120159,1287,022606DC981F0507,,,-0.51,3.65,,,,,,,,45000,,,,,"US,US"
884,2,2,42,1,550,115120162,1287,022606DC98220507,,,-0.51,3.65,,,,,,,,45000,,,,,"US,US"
885,2,2,42,1,550,115120165,1287,022606DC98250507,,,-0.51,3.65,,,,,,,,45000,,,,,"US,US"
886,2,2,42,1,550,115120177,1287,022606DC98310507,,,-0.51,3.65,,,,,,,,45000,,,,,"US,US"
887,2,2,42,1,550,115120215,1287,022606DC98570507,,,-0.51,3.65,,,,,,,,45000,,,,,"US,US"
888,2,2,42,1,550,115120218,1287,022606DC985A0507,,,-0.51,3.65,,,,,,,,45000,,,,,"US,US"
889,2,2,42,1,550,115120222,1287,022606DC985E0507,,,-0.51,0.91,,,,,,,,45000,,,,,"US,US"
890,2,2,42,1,550,115120226,1287,022606DC98620507,,,-0.51,0.91,,,,,,,,45000,,,,,"US,US"
891,2,2,42,1,550,115120229,1287,022606DC98650507,,,-0.51,1.21,,,,,,,,45000,,,,,"US,US"
892,2,2,42,1,550,115120232,1287,022606DC98680507,,,-0.51,1.21,,,,,,,,45000,,,,,"US,US"
893,2,2,42,1,550,115120237,1287,022606DC986D0507,,,-0.51,1.21,,,,,,,,45000,,,,,"US,US"
894,2,2,42,1,550,115120243,1287,022606DC98730507,,,-0.51,1.21,,,,,,,,45000,,,,,"US,US"
895,2,2,42,1,550,115120247,1287,022606DC98770507,,,-0.51,1.21,,,,,,,,45000,,,,,"US,US"
896,2,2,42,1,550,115120251,1287,022606DC987B0507,,,-0.51,1.21,,,,,,,,45000,,,,,"US,US"
897,2,2,42,1,550,115120283,1287,022606DC989B0507,,,-0.51,0.91,,,,,,,,45000,,,,,"US,US"
898,2,2,42,1,550,115120286,1287,022606DC989E0507,,,-0.51,0.91,,,,,,,,45000,,,,,"US,US"
899,3,1,42,1,550,175394401,1080,02260A744E610438,,,-0.51,0,,,,,,,,,,,,19990529,"US,US,graph,chart 11322"
900,3,1,42,1,550,175399343,1080,02260A7461AF0438,,,0,0.91,,,,,,,,,,,,19990529,"US,US,graph,chart 11322"
901,3,1,42,1,550,175399358,1080,02260A7461BE0438,,,0,0.91,,,,,,,,,,,,19990529,"US,US,graph,chart 11322"
902,3,1,42,1,550,175399373,1080,02260A7461CD0438,,,0,0.91,,,,,,,,,,,,19990529,"US,US,graph,chart 11322"
903,3,1,42,1,550,175399386,1080,02260A7461DA0438,,,0,0.91,,,,,,,,,,,,19990529,"US,US,graph,chart 11322"
904,3,1,42,1,550,175399428,1080,02260A7462040438,,,0,0.91,,,,,,,,,,,,19990529,"US,US,graph,chart 11322"
905,3,1,42,1,550,175399441,1080,02260A7462110438,,,0,1.82,,,,,,,,,,,,19990529,"US,US,graph,chart 11322"
906,3,1,42,1,550,175399455,1080,02260A74621F0438,,,0,1.82,,,,,,,,,,,,19990529,"US,US,graph,chart 11322"
907,3,1,42,1,550,175400682,1080,02260A7466EA0438,,,0,1.82,,,,,,,,,,,,19990529,"US,US,graph,chart 11322"
908,3,1,42,1,550,175400773,1080,02260A7467450438,,,1.82,3.65,,,,,,,,,,,,19990529,"US,US,graph,chart 11322"
909,3,1,42,1,550,175400786,1080,02260A7467520438,,,1.82,3.65,,,,,,,,,,,,19990529,"US,US,graph,chart 11322"
910,3,1,42,1,550,175400930,1080,02260A7467E20438,,,1.82,3.65,,,,,,,,,,,,19990529,"US,US,graph,chart 11322"
911,3,1,42,1,550,175401225,1080,02260A7469090438,,,3.65,5.48,,,,,,,,,,,,19990529,"US,US,graph,chart 11322"
912,3,1,42,1,550,175401269,1080,02260A7469350438,,,3.65,5.48,,,,,,,,,,,,19990529,"US,US,graph,chart 11322"
913,3,1,42,1,550,175401284,1080,02260A7469440438,,,3.65,5.48,,,,,,,,,,,,19990529,"US,US,graph,chart 11322"
914,3,1,42,1,550,175401356,1080,02260A74698C0438,,,5.48,9.14,,,,,,,,,,,,19990529,"US,US,graph,chart 11322"
915,3,1,42,1,550,175401389,1080,02260A7469AD0438,,,9.14,14.32,,,,,,,,,,,,19990529,"US,US,graph,chart 11322"
916,3,1,42,1,550,234542337,1127,02260DFAD5010467,,,-0.51,0.91,9,,,,,,,,,,,19990425,"US,US,reprt,L-867/99"
917,2,2,42,1,550,115117967,1287,022606DC8F8F0507,,,0.91,11.43,,,,,,,,45000,,,,,"US,US"
918,2,2,42,1,550,115117970,1287,022606DC8F920507,,,0.91,15.24,,,,,,,,45000,,,,,"US,US"
919,2,2,42,1,550,115117973,1287,022606DC8F950507,,,-0.51,0,,,,,,,,45000,,,,,"US,US"
920,2,2,42,1,550,115117976,1287,022606DC8F980507,,,-0.51,0,,,,,,,,45000,,,,,"US,US"
921,2,2,42,1,550,115117979,1287,022606DC8F9B0507,,,-0.51,0,,,,,,,,45000,,,,,"US,US"
922,2,2,42,1,550,115117982,1287,022606DC8F9E0507,,,-0.51,0,,,,,,,,45000,,,,,"US,US"
923,2,2,42,1,550,115117986,1287,022606DC8FA20507,,,-0.51,0,,,,,,,,45000,,,,,"US,US"
924,2,2,42,1,550,115117995,1287,022606DC8FAB0507,,,0.91,3.65,,,,,,,,45000,,,,,"US,US"
925,2,2,42,1,550,115117999,1287,022606DC8FAF0507,,,0.91,15.24,,,,,,,,45000,,,,,"US,US"
926,2,2,42,1,550,115118002,1287,022606DC8FB20507,,,-0.51,0,,,,,,,,45000,,,,,"US,US"
927,2,2,42,1,550,115118006,1287,022606DC8FB60507,,,-0.51,0,,,,,,,,45000,,,,,"US,US"
928,2,2,42,1,550,115118013,1287,022606DC8FBD0507,,,0.91,1.52,,,,,,,,45000,,,,,"US,US"
929,2,2,42,1,550,115118020,1287,022606DC8FC40507,,,0.91,1.52,,,,,,,,45000,,,,,"US,US"
930,2,2,42,1,550,115118024,1287,022606DC8FC80507,,,-0.51,0,,,,,,,,45000,,,,,"US,US"
931,2,2,42,1,550,115118031,1287,022606DC8FCF0507,,,-0.51,0,,,,,,,,45000,,,,,"US,US"
932,2,2,42,1,550,115118036,1287,022606DC8FD40507,,,-0.51,0,,,,,,,,45000,,,,,"US,US"
933,2,2,42,1,550,115118040,1287,022606DC8FD80507,,,-0.51,0,,,,,,,,45000,,,,,"US,US"
934,2,2,42,1,550,115118044,1287,022606DC8FDC0507,,,1.82,12.8,,,,,,,,45000,,,,,"US,US"
935,2,2,42,1,550,115118051,1287,022606DC8FE30507,,,-0.51,0,,,,,,,,45000,,,,,"US,US"
936,2,2,42,1,550,115118054,1287,022606DC8FE60507,,,-0.51,0,,,,,,,,45000,,,,,"US,US"
937,2,2,42,1,550,115118062,1287,022606DC8FEE0507,,,1.82,10.05,,,,,,,,45000,,,,,"US,US"
938,2,2,42,1,550,115118072,1287,022606DC8FF80507,,,-0.51,0,,,,,,,,45000,,,,,"US,US"
939,2,2,42,1,550,115118076,1287,022606DC8FFC0507,,,-0.51,1.82,,,,,,,,45000,,,,,"US,US"
940,2,2,42,1,550,115118080,1287,022606DC90000507,,,3.65,10.05,,,,,,,,45000,,,,,"US,US"
941,2,2,42,1,550,115118083,1287,022606DC90030507,,,3.65,12.8,,,,,,,,45000,,,,,"US,US"
942,2,2,42,1,550,115118086,1287,022606DC90060507,,,-0.51,1.82,,,,,,,,45000,,,,,"US,US"
943,2,2,42,1,550,115118092,1287,022606DC900C0507,,,-0.51,1.82,,,,,,,,45000,,,,,"US,US"
944,2,2,42,1,550,115118095,1287,022606DC900F0507,,,-0.51,3.65,,,,,,,,45000,,,,,"US,US"
945,2,2,42,1,550,115118098,1287,022606DC90120507,,,-0.51,3.65,,,,,,,,45000,,,,,"US,US"
946,2,2,42,1,550,115118101,1287,022606DC90150507,,,5.48,12.8,,,,,,,,45000,,,,,"US,US"
947,2,2,42,1,550,115118105,1287,022606DC90190507,,,5.48,12.8,,,,,,,,45000,,,,,"US,US"
948,2,2,42,1,550,115118112,1287,022606DC90200507,,,-0.51,3.65,,,,,,,,45000,,,,,"US,US"
949,2,2,42,1,550,115118115,1287,022606DC90230507,,,-0.51,3.65,,,,,,,,45000,,,,,"US,US"
950,2,2,42,1,550,115118119,1287,022606DC90270507,,,-0.51,5.48,,,,,,,,45000,,,,,"US,US"
951,2,2,42,1,550,115118123,1287,022606DC902B0507,,,-0.51,5.48,,,,,,,,45000,,,,,"US,US"
952,2,2,42,1,550,115118126,1287,022606DC902E0507,,,9.14,12.8,,,,,,,,45000,,,,,"US,US"
953,2,2,42,1,550,115118130,1287,022606DC90320507,,,-0.51,5.48,,,,,,,,45000,,,,,"US,US"
954,2,2,42,1,550,115118134,1287,022606DC90360507,,,-0.51,9.14,,,,,,,,45000,,,,,"US,US"
955,2,2,42,1,550,115118138,1287,022606DC903A0507,,,-0.51,9.14,,,,,,,,45000,,,,,"US,US"
956,2,2,42,1,550,115118145,1287,022606DC90410507,,,0.91,14.93,,,,,,,,45000,,,,,"US,US"
957,2,2,42,1,550,115118343,1287,022606DC91070507,,,0.91,13.41,,,,,,,,45000,,,,,"US,US"
958,2,2,42,1,550,115119124,1287,022606DC94140507,,,-0.51,0,,,,,,,,45000,,,,,"US,US"
959,2,2,42,1,550,115119127,1287,022606DC94170507,,,-0.51,0,,,,,,,,45000,,,,,"US,US"
960,2,2,42,1,550,115119131,1287,022606DC941B0507,,,-0.51,0,,,,,,,,45000,,,,,"US,US"
961,2,2,42,1,550,115119134,1287,022606DC941E0507,,,-0.51,0,,,,,,,,45000,,,,,"US,US"
962,2,2,42,1,550,115119138,1287,022606DC94220507,,,-0.51,0,,,,,,,,45000,,,,,"US,US"
963,2,2,42,1,550,115119142,1287,022606DC94260507,,,0.91,10.66,,,,,,,,45000,,,,,"US,US"
964,2,2,42,1,550,115119145,1287,022606DC94290507,,,0.91,14.93,,,,,,,,45000,,,,,"US,US"
965,2,2,42,1,550,115119148,1287,022606DC942C0507,,,0.91,11.43,,,,,,,,45000,,,,,"US,US"
966,2,2,42,1,550,115119154,1287,022606DC94320507,,,-0.51,0,,,,,,,,45000,,,,,"US,US"
967,2,2,42,1,550,115119157,1287,022606DC94350507,,,-0.51,0,,,,,,,,45000,,,,,"US,US"
968,2,2,42,1,550,115119179,1287,022606DC944B0507,,,-0.51,0,,,,,,,,45000,,,,,"US,US"
969,2,2,42,1,550,115119361,1287,022606DC95010507,,,5.48,10.05,,,,,,,,45000,,,,,"US,US"
970,2,2,42,1,550,115119365,1287,022606DC95050507,,,5.48,10.05,,,,,,,,45000,,,,,"US,US"
971,2,2,42,1,550,115119368,1287,022606DC95080507,,,-0.51,3.65,,,,,,,,45000,,,,,"US,US"
972,2,2,42,1,550,115119372,1287,022606DC950C0507,,,-0.51,3.65,,,,,,,,45000,,,,,"US,US"
973,2,2,42,1,550,115119627,1287,022606DC960B0507,,,-0.51,1.82,,,,,,,,45000,,,,,"US,US"
974,2,2,42,1,550,115119631,1287,022606DC960F0507,,,-0.51,0,,,,,,,,45000,,,,,"US,US"
975,2,2,42,1,550,115119665,1287,022606DC96310507,,,9.14,10.05,,,,,,,,45000,,,,,"US,US"
976,2,2,42,1,550,115119668,1287,022606DC96340507,,,9.14,12.49,,,,,,,,45000,,,,,"US,US"
977,2,2,42,1,550,115119672,1287,022606DC96380507,,,-0.51,5.48,,,,,,,,45000,,,,,"US,US"
978,2,2,42,1,550,115119676,1287,022606DC963C0507,,,-0.51,9.14,,,,,,,,45000,,,,,"US,US"
979,2,2,42,1,550,115120185,1287,022606DC98390507,,,-0.51,3.65,,,,,,,,45000,,,,,"US,US"
980,2,2,42,1,550,115120201,1287,022606DC98490507,,,-0.51,3.65,,,,,,,,45000,,,,,"US,US"
981,2,2,42,1,550,115120257,1287,022606DC98810507,,,-0.51,11.43,,,,,,,,45000,,,,,"US,US"
982,2,2,42,1,550,115120261,1287,022606DC98850507,,,-0.51,15.24,,,,,,,,45000,,,,,"US,US"
983,2,2,42,1,550,115120265,1287,022606DC98890507,,,-0.51,15.24,,,,,,,,45000,,,,,"US,US"
984,2,2,42,1,550,115120269,1287,022606DC988D0507,,,-0.51,1.52,,,,,,,,45000,,,,,"US,US"
985,2,2,42,1,550,115120272,1287,022606DC98900507,,,-0.51,1.52,,,,,,,,45000,,,,,"US,US"
986,2,2,42,1,550,115120289,1287,022606DC98A10507,,,-0.51,0.91,,,,,,,,45000,,,,,"US,US"
987,2,2,42,1,550,115120292,1287,022606DC98A40507,,,-0.51,0.91,,,,,,,,45000,,,,,"US,US"
988,2,2,42,1,550,115120297,1287,022606DC98A90507,,,-0.51,0.91,,,,,,,,45000,,,,,"US,US"
989,2,2,42,1,550,115120300,1287,022606DC98AC0507,,,-0.51,0.91,,,,,,,,45000,,,,,"US,US"
990,2,2,42,1,550,115120304,1287,022606DC98B00507,,,5.33,14.93,,,,,,,,45000,,,,,"US,US"
991,2,2,42,1,550,115120307,1287,022606DC98B30507,,,5.79,14.93,,,,,,,,45000,,,,,"US,US"
992,2,2,42,1,550,115120310,1287,022606DC98B60507,,,5.18,14.93,,,,,,,,45000,,,,,"US,US"
993,3,1,42,1,550,175399412,1080,02260A7461F40438,,,0,0.91,,,,,,,,,,,,19990529,"US,US,graph,chart 11322"
994,3,1,42,1,550,175401210,1080,02260A7468FA0438,,,3.65,5.48,,,,,,,,,,,,19990529,"US,US,graph,chart 11322"
995,3,1,42,1,550,236067327,1132,02260E1219FF046C,,,4.26,5.48,9,,,Depth at ordinary river stage.,,,,,,,,19990425,"US,US,reprt,L-867/99"
996,2,2,42,1,550,115118150,1287,022606DC90460507,,,-0.51,0,,,,,,,,45000,,,,,"US,US"
997,2,2,42,1,550,115118154,1287,022606DC904A0507,,,-0.51,0,,,,,,,,45000,,,,,"US,US"
998,2,2,42,1,550,115118157,1287,022606DC904D0507,,,-0.51,0,,,,,,,,45000,,,,,"US,US"
999,2,2,42,1,550,115118160,1287,022606DC90500507,,,-0.51,0,,,,,,,,45000,,,,,"US,US"
1000,2,2,42,1,550,115118163,1287,022606DC90530507,,,-0.51,0,,,,,,,,45000,,,,,"US,US"
1001,2,2,42,1,550,115118167,1287,022606DC90570507,,,-0.51,0,,,,,,,,45000,,,,,"US,US"
1002,2,2,42,1,550,115118170,1287,022606DC905A0507,,,-0.51,0,,,,,,,,45000,,,,,"US,US"
1003,2,2,42,1,550,115118174,1287,022606DC905E0507,,,-0.51,0,,,,,,,,45000,,,,,"US,US"
1004,2,2,42,1,550,115118178,1287,022606DC90620507,,,-0.51,0,,,,,,,,45000,,,,,"US,US"
1005,2,2,42,1,550,115118182,1287,022606DC90660507,,,-0.51,0,,,,,,,,45000,,,,,"US,US"
1006,2,2,42,1,550,115118185,1287,022606DC90690507,,,-0.51,0,,,,,,,,45000,,,,,"US,US"
1007,2,2,42,1,550,115118189,1287,022606DC906D0507,,,-0.51,0,,,,,,,,45000,,,,,"US,US"
1008,2,2,42,1,550,115118193,1287,022606DC90710507,,,-0.51,0,,,,,,,,45000,,,,,"US,US"
1009,2,2,42,1,550,115118196,1287,022606DC90740507,,,-0.51,0,,,,,,,,45000,,,,,"US,US"
1010,2,2,42,1,550,115118200,1287,022606DC90780507,,,-0.51,0,,,,,,,,45000,,,,,"US,US"
1011,2,2,42,1,550,115118204,1287,022606DC907C0507,,,-0.51,0,,,,,,,,45000,,,,,"US,US"
1012,2,2,42,1,550,115118207,1287,022606DC907F0507,,,-0.51,0,,,,,,,,45000,,,,,"US,US"
1013,2,2,42,1,550,115118235,1287,022606DC909B0507,,,-0.51,0,,,,,,,,45000,,,,,"US,US"
1014,2,2,42,1,550,115118239,1287,022606DC909F0507,,,-0.51,0,,,,,,,,45000,,,,,"US,US"
1015,2,2,42,1,550,115118243,1287,022606DC90A30507,,,0.91,3.65,,,,,,,,45000,,,,,"US,US"
1016,2,2,42,1,550,115118246,1287,022606DC90A60507,,,0.91,3.65,,,,,,,,45000,,,,,"US,US"
1017,2,2,42,1,550,115118251,1287,022606DC90AB0507,,,-0.51,0,,,,,,,,45000,,,,,"US,US"
1018,2,2,42,1,550,115118254,1287,022606DC90AE0507,,,-0.51,0,,,,,,,,45000,,,,,"US,US"
1019,2,2,42,1,550,115118257,1287,022606DC90B10507,,,-0.51,0,,,,,,,,45000,,,,,"US,US"
1020,2,2,42,1,550,115118260,1287,022606DC90B40507,,,-0.51,0,,,,,,,,45000,,,,,"US,US"
1021,2,2,42,1,550,115118264,1287,022606DC90B80507,,,-0.51,0,,,,,,,,45000,,,,,"US,US"
1022,2,2,42,1,550,115118267,1287,022606DC90BB0507,,,-0.51,0,,,,,,,,45000,,,,,"US,US"
1023,2,2,42,1,550,115118271,1287,022606DC90BF0507,,,-0.51,0,,,,,,,,45000,,,,,"US,US"
1024,2,2,42,1,550,115118274,1287,022606DC90C20507,,,-0.51,0,,,,,,,,45000,,,,,"US,US"
1025,2,2,42,1,550,115118278,1287,022606DC90C60507,,,-0.51,0,,,,,,,,45000,,,,,"US,US"
1026,2,2,42,1,550,115118282,1287,022606DC90CA0507,,,-0.51,0,,,,,,,,45000,,,,,"US,US"
1027,2,2,42,1,550,115118286,1287,022606DC90CE0507,,,-0.51,0,,,,,,,,45000,,,,,"US,US"
1028,2,2,42,1,550,115118289,1287,022606DC90D10507,,,-0.51,0,,,,,,,,45000,,,,,"US,US"
1029,2,2,42,1,550,115118293,1287,022606DC90D50507,,,-0.51,0,,,,,,,,45000,,,,,"US,US"
1030,2,2,42,1,550,115118296,1287,022606DC90D80507,,,-0.51,0,,,,,,,,45000,,,,,"US,US"
1031,2,2,42,1,550,115118299,1287,022606DC90DB0507,,,-0.51,0,,,,,,,,45000,,,,,"US,US"
1032,2,2,42,1,550,115118303,1287,022606DC90DF0507,,,-0.51,0,,,,,,,,45000,,,,,"US,US"
1033,2,2,42,1,550,115118307,1287,022606DC90E30507,,,-0.51,0,,,,,,,,45000,,,,,"US,US"
1034,2,2,42,1,550,115118310,1287,022606DC90E60507,,,-0.51,0,,,,,,,,45000,,,,,"US,US"
1035,2,2,42,1,550,115118314,1287,022606DC90EA0507,,,-0.51,0,,,,,,,,45000,,,,,"US,US"
1036,2,2,42,1,550,115118318,1287,022606DC90EE0507,,,-0.51,0,,,,,,,,45000,,,,,"US,US"
1037,2,2,42,1,550,115118322,1287,022606DC90F20507,,,-0.51,0,,,,,,,,45000,,,,,"US,US"
1038,2,2,42,1,550,115118325,1287,022606DC90F50507,,,-0.51,0,,,,,,,,45000,,,,,"US,US"
1039,2,2,42,1,550,115118328,1287,022606DC90F80507,,,-0.51,0,,,,,,,,45000,,,,,"US,US"
1040,2,2,42,1,550,115118331,1287,022606DC90FB0507,,,-0.51,0,,,,,,,,45000,,,,,"US,US"
1041,2,2,42,1,550,115118335,1287,022606DC90FF0507,,,-0.51,0,,,,,,,,45000,,,,,"US,US"
1042,2,2,42,1,550,115118339,1287,022606DC91030507,,,-0.51,0,,,,,,,,45000,,,,,"US,US"
1043,2,2,42,1,550,115118348,1287,022606DC910C0507,,,0.91,4.87,,,,,,,,45000,,,,,"US,US"
1044,2,2,42,1,550,115118351,1287,022606DC910F0507,,,0.91,5.48,,,,,,,,45000,,,,,"US,US"
1045,2,2,42,1,550,115118354,1287,022606DC91120507,,,0.91,5.48,,,,,,,,45000,,,,,"US,US"
1046,2,2,42,1,550,115118358,1287,022606DC91160507,,,-0.51,0,,,,,,,,45000,,,,,"US,US"
1047,2,2,42,1,550,115118361,1287,022606DC91190507,,,-0.51,0,,,,,,,,45000,,,,,"US,US"
1048,2,2,42,1,550,115118364,1287,022606DC911C0507,,,-0.51,0,,,,,,,,45000,,,,,"US,US"
1049,2,2,42,1,550,115118368,1287,022606DC91200507,,,-0.51,0,,,,,,,,45000,,,,,"US,US"
1050,2,2,42,1,550,115118371,1287,022606DC91230507,,,-0.51,0,,,,,,,,45000,,,,,"US,US"
1051,2,2,42,1,550,115118375,1287,022606DC91270507,,,-0.51,0,,,,,,,,45000,,,,,"US,US"
1052,2,2,42,1,550,115118378,1287,022606DC912A0507,,,-0.51,0,,,,,,,,45000,,,,,"US,US"
1053,2,2,42,1,550,115118381,1287,022606DC912D0507,,,-0.51,0,,,,,,,,45000,,,,,"US,US"
1054,2,2,42,1,550,115118385,1287,022606DC91310507,,,-0.51,0,,,,,,,,45000,,,,,"US,US"
1055,2,2,42,1,550,115118388,1287,022606DC91340507,,,-0.51,0,,,,,,,,45000,,,,,"US,US"
1056,2,2,42,1,550,115118391,1287,022606DC91370507,,,-0.51,0,,,,,,,,45000,,,,,"US,US"
1057,2,2,42,1,550,115118394,1287,022606DC913A0507,,,-0.51,0,,,,,,,,45000,,,,,"US,US"
1058,2,2,42,1,550,115118397,1287,022606DC913D0507,,,-0.51,0,,,,,,,,45000,,,,,"US,US"
1059,2,2,42,1,550,115118400,1287,022606DC91400507,,,-0.51,0,,,,,,,,45000,,,,,"US,US"
1060,2,2,42,1,550,115118404,1287,022606DC91440507,,,-0.51,0,,,,,,,,45000,,,,,"US,US"
1061,2,2,42,1,550,115118408,1287,022606DC91480507,,,-0.51,0,,,,,,,,45000,,,,,"US,US"
1062,2,2,42,1,550,115118411,1287,022606DC914B0507,,,-0.51,0,,,,,,,,45000,,,,,"US,US"
1063,2,2,42,1,550,115118414,1287,022606DC914E0507,,,-0.51,0,,,,,,,,45000,,,,,"US,US"
1064,2,2,42,1,550,115118417,1287,022606DC91510507,,,-0.51,0,,,,,,,,45000,,,,,"US,US"
1065,2,2,42,1,550,115118420,1287,022606DC91540507,,,-0.51,0,,,,,,,,45000,,,,,"US,US"
1066,2,2,42,1,550,115118423,1287,022606DC91570507,,,-0.51,0,,,,,,,,45000,,,,,"US,US"
1067,2,2,42,1,550,115118427,1287,022606DC915B0507,,,-0.51,0,,,,,,,,45000,,,,,"US,US"
1068,2,2,42,1,550,115118431,1287,022606DC915F0507,,,-0.51,0,,,,,,,,45000,,,,,"US,US"
1069,2,2,42,1,550,115118435,1287,022606DC91630507,,,-0.51,0,,,,,,,,45000,,,,,"US,US"
1070,2,2,42,1,550,115118439,1287,022606DC91670507,,,-0.51,0,,,,,,,,45000,,,,,"US,US"
1071,2,2,42,1,550,115118444,1287,022606DC916C0507,,,-0.51,0,,,,,,,,45000,,,,,"US,US"
1072,2,2,42,1,550,115118447,1287,022606DC916F0507,,,-0.51,0,,,,,,,,45000,,,,,"US,US"
1073,2,2,42,1,550,115118450,1287,022606DC91720507,,,-0.51,0,,,,,,,,45000,,,,,"US,US"
1074,2,2,42,1,550,115118454,1287,022606DC91760507,,,-0.51,0,,,,,,,,45000,,,,,"US,US"
1075,2,2,42,1,550,115118457,1287,022606DC91790507,,,-0.51,0,,,,,,,,45000,,,,,"US,US"
1076,2,2,42,1,550,115118461,1287,022606DC917D0507,,,-0.51,0,,,,,,,,45000,,,,,"US,US"
1077,2,2,42,1,550,115118467,1287,022606DC91830507,,,0.91,3.65,,,,,,,,45000,,,,,"US,US"
1078,2,2,42,1,550,115118474,1287,022606DC918A0507,,,0.91,3.65,,,,,,,,45000,,,,,"US,US"
1079,2,2,42,1,550,115118536,1287,022606DC91C80507,,,-0.51,3.65,,,,,,,,45000,,,,,"US,US"
1080,2,2,42,1,550,115118539,1287,022606DC91CB0507,,,-0.51,3.65,,,,,,,,45000,,,,,"US,US"
1081,2,2,42,1,550,115118542,1287,022606DC91CE0507,,,-0.51,3.65,,,,,,,,45000,,,,,"US,US"
1082,2,2,42,1,550,115118545,1287,022606DC91D10507,,,-0.51,3.65,,,,,,,,45000,,,,,"US,US"
1083,2,2,42,1,550,115118548,1287,022606DC91D40507,,,-0.51,3.65,,,,,,,,45000,,,,,"US,US"
1084,2,2,42,1,550,115118551,1287,022606DC91D70507,,,-0.51,3.65,,,,,,,,45000,,,,,"US,US"
1085,2,2,42,1,550,115118554,1287,022606DC91DA0507,,,-0.51,3.65,,,,,,,,45000,,,,,"US,US"
1086,2,2,42,1,550,115118557,1287,022606DC91DD0507,,,-0.51,3.65,,,,,,,,45000,,,,,"US,US"
1087,2,2,42,1,550,115118561,1287,022606DC91E10507,,,-0.51,3.65,,,,,,,,45000,,,,,"US,US"
1088,2,2,42,1,550,115118565,1287,022606DC91E50507,,,-0.51,3.65,,,,,,,,45000,,,,,"US,US"
1089,2,2,42,1,550,115118569,1287,022606DC91E90507,,,-0.51,3.65,,,,,,,,45000,,,,,"US,US"
1090,2,2,42,1,550,115118572,1287,022606DC91EC0507,,,-0.51,3.65,,,,,,,,45000,,,,,"US,US"
1091,2,2,42,1,550,115118575,1287,022606DC91EF0507,,,-0.51,3.65,,,,,,,,45000,,,,,"US,US"
1092,2,2,42,1,550,115118578,1287,022606DC91F20507,,,-0.51,3.65,,,,,,,,45000,,,,,"US,US"
1093,2,2,42,1,550,115118581,1287,022606DC91F50507,,,-0.51,3.65,,,,,,,,45000,,,,,"US,US"
1094,2,2,42,1,550,115118584,1287,022606DC91F80507,,,-0.51,3.65,,,,,,,,45000,,,,,"US,US"
1095,2,2,42,1,550,115118587,1287,022606DC91FB0507,,,-0.51,3.65,,,,,,,,45000,,,,,"US,US"
1096,2,2,42,1,550,115118590,1287,022606DC91FE0507,,,-0.51,3.65,,,,,,,,45000,,,,,"US,US"
1097,2,2,42,1,550,115118593,1287,022606DC92010507,,,-0.51,3.65,,,,,,,,45000,,,,,"US,US"
1098,2,2,42,1,550,115118596,1287,022606DC92040507,,,-0.51,3.65,,,,,,,,45000,,,,,"US,US"
1099,2,2,42,1,550,115118600,1287,022606DC92080507,,,-0.51,3.65,,,,,,,,45000,,,,,"US,US"
1100,2,2,42,1,550,115118603,1287,022606DC920B0507,,,-0.51,3.65,,,,,,,,45000,,,,,"US,US"
1101,2,2,42,1,550,115118606,1287,022606DC920E0507,,,-0.51,3.65,,,,,,,,45000,,,,,"US,US"
1102,2,2,42,1,550,115118609,1287,022606DC92110507,,,-0.51,3.65,,,,,,,,45000,,,,,"US,US"
1103,2,2,42,1,550,115118690,1287,022606DC92620507,,,-0.51,4.26,,,,,,,,45000,,,,,"US,US"
1104,2,2,42,1,550,115118694,1287,022606DC92660507,,,-0.51,4.26,,,,,,,,45000,,,,,"US,US"
1105,2,2,42,1,550,115118697,1287,022606DC92690507,,,-0.51,4.26,,,,,,,,45000,,,,,"US,US"
1106,2,2,42,1,550,115118704,1287,022606DC92700507,,,-0.51,4.26,,,,,,,,45000,,,,,"US,US"
1107,2,2,42,1,550,115118709,1287,022606DC92750507,,,-0.51,4.26,,,,,,,,45000,,,,,"US,US"
1108,2,2,42,1,550,115118717,1287,022606DC927D0507,,,-0.51,4.26,,,,,,,,45000,,,,,"US,US"
1109,2,2,42,1,550,115118720,1287,022606DC92800507,,,-0.51,4.26,,,,,,,,45000,,,,,"US,US"
1110,2,2,42,1,550,115118723,1287,022606DC92830507,,,-0.51,4.26,,,,,,,,45000,,,,,"US,US"
1111,2,2,42,1,550,115118726,1287,022606DC92860507,,,-0.51,4.26,,,,,,,,45000,,,,,"US,US"
1112,2,2,42,1,550,115118729,1287,022606DC92890507,,,-0.51,4.26,,,,,,,,45000,,,,,"US,US"
1113,2,2,42,1,550,115118733,1287,022606DC928D0507,,,-0.51,4.26,,,,,,,,45000,,,,,"US,US"
1114,2,2,42,1,550,115118737,1287,022606DC92910507,,,-0.51,4.26,,,,,,,,45000,,,,,"US,US"
1115,2,2,42,1,550,115118740,1287,022606DC92940507,,,-0.51,4.26,,,,,,,,45000,,,,,"US,US"
1116,2,2,42,1,550,115118753,1287,022606DC92A10507,,,-0.51,4.26,,,,,,,,45000,,,,,"US,US"
1117,2,2,42,1,550,115118780,1287,022606DC92BC0507,,,-0.51,4.26,,,,,,,,45000,,,,,"US,US"
1118,2,2,42,1,550,115119161,1287,022606DC94390507,,,-0.51,0,,,,,,,,45000,,,,,"US,US"
1119,2,2,42,1,550,115119164,1287,022606DC943C0507,,,-0.51,0,,,,,,,,45000,,,,,"US,US"
1120,2,2,42,1,550,115119182,1287,022606DC944E0507,,,-0.51,0,,,,,,,,45000,,,,,"US,US"
1121,2,2,42,1,550,115119217,1287,022606DC94710507,,,0.91,5.48,,,,,,,,45000,,,,,"US,US"
1122,3,1,42,1,550,175394386,1080,02260A744E520438,,,-0.51,0,,,,,,,,,,,,19990529,"US,US,graph,chart 11322"
1123,3,1,42,1,550,175395384,1080,02260A7452380438,,,-0.51,0,,,,,,,,,,,,19990529,"US,US,graph,chart 11322"
1124,3,1,42,1,550,175395399,1080,02260A7452470438,,,-0.51,0,,,,,,,,,,,,19990529,"US,US,graph,chart 11322"
1125,3,1,42,1,550,175395411,1080,02260A7452530438,,,-0.51,0,,,,,,,,,,,,19990529,"US,US,graph,chart 11322"
1126,3,1,42,1,550,175399088,1080,02260A7460B00438,,,0,0.91,,,,,,,,,,,,19990529,"US,US,graph,chart 11322"
1127,3,1,42,1,550,175399104,1080,02260A7460C00438,,,0,0.91,,,,,,,,,,,,19990529,"US,US,graph,chart 11322"
1128,3,1,42,1,550,175399118,1080,02260A7460CE0438,,,0,0.91,,,,,,,,,,,,19990529,"US,US,graph,chart 11322"
1129,3,1,42,1,550,175399131,1080,02260A7460DB0438,,,0,0.91,,,,,,,,,,,,19990529,"US,US,graph,chart 11322"
1130,3,1,42,1,550,175399145,1080,02260A7460E90438,,,0,0.91,,,,,,,,,,,,19990529,"US,US,graph,chart 11322"
1131,3,1,42,1,550,175399159,1080,02260A7460F70438,,,0,0.91,,,,,,,,,,,,19990529,"US,US,graph,chart 11322"
1132,3,1,42,1,550,175399173,1080,02260A7461050438,,,0,0.91,,,,,,,,,,,,19990529,"US,US,graph,chart 11322"
1133,3,1,42,1,550,175399186,1080,02260A7461120438,,,0,0.91,,,,,,,,,,,,19990529,"US,US,graph,chart 11322"
1134,3,1,42,1,550,175399199,1080,02260A74611F0438,,,0,0.91,,,,,,,,,,,,19990529,"US,US,graph,chart 11322"
1135,3,1,42,1,550,175399214,1080,02260A74612E0438,,,0,0.91,,,,,,,,,,,,19990529,"US,US,graph,chart 11322"
1136,3,1,42,1,550,175399228,1080,02260A74613C0438,,,0,0.91,,,,,,,,,,,,19990529,"US,US,graph,chart 11322"
1137,3,1,42,1,550,175399241,1080,02260A7461490438,,,0,0.91,,,,,,,,,,,,19990529,"US,US,graph,chart 11322"
1138,3,1,42,1,550,175399255,1080,02260A7461570438,,,0,0.91,,,,,,,,,,,,19990529,"US,US,graph,chart 11322"
1139,3,1,42,1,550,175399268,1080,02260A7461640438,,,0,0.91,,,,,,,,,,,,19990529,"US,US,graph,chart 11322"
1140,3,1,42,1,550,175399282,1080,02260A7461720438,,,0,0.91,,,,,,,,,,,,19990529,"US,US,graph,chart 11322"
1141,3,1,42,1,550,175399295,1080,02260A74617F0438,,,0,0.91,,,,,,,,,,,,19990529,"US,US,graph,chart 11322"
1142,3,1,42,1,550,175399309,1080,02260A74618D0438,,,0,0.91,,,,,,,,,,,,19990529,"US,US,graph,chart 11322"
1143,3,1,42,1,550,175399328,1080,02260A7461A00438,,,0,0.91,,,,,,,,,,,,19990529,"US,US,graph,chart 11322"
1144,3,1,42,1,550,175399483,1080,02260A74623B0438,,,0,0.91,,,,,,,,,,,,19990529,"US,US,graph,chart 11322"
1145,3,1,42,1,550,175399497,1080,02260A7462490438,,,0,0.91,,,,,,,,,,,,19990529,"US,US,graph,chart 11322"
1146,3,1,42,1,550,175400117,1080,02260A7464B50438,,,0,0.91,,,,,,,,,,,,19990529,"US,US,graph,chart 11322"
1147,3,1,42,1,550,175400743,1080,02260A7467270438,,,0,0.91,,,,,,,,,,,,19990529,"US,US,graph,chart 11322"
1148,3,1,42,1,550,175401239,1080,02260A7469170438,,,3.65,5.48,,,,,,,,,,,,19990529,"US,US,graph,chart 11322"
1149,3,1,42,1,550,234301335,1127,02260DF727970467,,,0,1.82,,,,,,,,,,,,19990529,"US,US,graph,chart 11322"
1150,3,1,42,1,550,234301173,1127,02260DF726F50467,,,2.43,3.65,9,,,Channel marked by private aids.,,,,,,,,19990425,"US,US,reprt,L-867/99"
1151,3,1,42,1,550,236073785,1132,02260E123339046C,,,1.82,3.65,,,,,,,,,,,,19990529,"US,US,graph,chart 11322"
1152,3,1,42,1,550,236072582,1132,02260E122E86046C,,,0,1.82,,,,,,,,,,,,19990529,"US,US,graph,chart 11322"
1153,2,2,42,1,550,115117963,1287,022606DC8F8B0507,,,0,1.52,,,,,,,,45000,,,,,"US,US"
1154,2,2,42,1,550,115117989,1287,022606DC8FA50507,,,0.91,13.1,,,,,,,,45000,,,,,"US,US"
1155,2,2,42,1,550,115117992,1287,022606DC8FA80507,,,0.91,12.8,,,,,,,,45000,,,,,"US,US"
1156,2,2,42,1,550,115118009,1287,022606DC8FB90507,,,-0.51,0,,,,,,,,45000,,,,,"US,US"
1157,2,2,42,1,550,115118017,1287,022606DC8FC10507,,,0.91,3.65,,,,,,,,45000,,,,,"US,US"
1158,2,2,42,1,550,115118047,1287,022606DC8FDF0507,,,1.82,11.27,,,,,,,,45000,,,,,"US,US"
1159,2,2,42,1,550,115118058,1287,022606DC8FEA0507,,,-0.51,0,,,,,,,,45000,,,,,"US,US"
1160,2,2,42,1,550,115118065,1287,022606DC8FF10507,,,1.82,3.65,,,,,,,,45000,,,,,"US,US"
1161,2,2,42,1,550,115118211,1287,022606DC90830507,,,-0.51,0,,,,,,,,45000,,,,,"US,US"
1162,2,2,42,1,550,115118215,1287,022606DC90870507,,,0.91,12.8,,,,,,,,45000,,,,,"US,US"
1163,2,2,42,1,550,115118218,1287,022606DC908A0507,,,0.91,3.65,,,,,,,,45000,,,,,"US,US"
1164,2,2,42,1,550,115118222,1287,022606DC908E0507,,,-0.51,0,,,,,,,,45000,,,,,"US,US"
1165,2,2,42,1,550,115118225,1287,022606DC90910507,,,-0.51,0,,,,,,,,45000,,,,,"US,US"
1166,2,2,42,1,550,115118228,1287,022606DC90940507,,,-0.51,0,,,,,,,,45000,,,,,"US,US"
1167,2,2,42,1,550,115118231,1287,022606DC90970507,,,-0.51,0,,,,,,,,45000,,,,,"US,US"
1168,2,2,42,1,550,115118480,1287,022606DC91900507,,,0.91,5.33,,,,,,,,45000,,,,,"US,US"
1169,2,2,42,1,550,115118483,1287,022606DC91930507,,,-0.51,0,,,,,,,,45000,,,,,"US,US"
1170,2,2,42,1,550,115118486,1287,022606DC91960507,,,-0.51,0,,,,,,,,45000,,,,,"US,US"
1171,2,2,42,1,550,115118489,1287,022606DC91990507,,,-0.51,0,,,,,,,,45000,,,,,"US,US"
1172,2,2,42,1,550,115118492,1287,022606DC919C0507,,,-0.51,0,,,,,,,,45000,,,,,"US,US"
1173,2,2,42,1,550,115118495,1287,022606DC919F0507,,,-0.51,0,,,,,,,,45000,,,,,"US,US"
1174,2,2,42,1,550,115118498,1287,022606DC91A20507,,,-0.51,0,,,,,,,,45000,,,,,"US,US"
1175,2,2,42,1,550,115118502,1287,022606DC91A60507,,,-0.51,0,,,,,,,,45000,,,,,"US,US"
1176,2,2,42,1,550,115118507,1287,022606DC91AB0507,,,-0.51,0,,,,,,,,45000,,,,,"US,US"
1177,2,2,42,1,550,115118524,1287,022606DC91BC0507,,,-0.51,0,,,,,,,,45000,,,,,"US,US"
1178,2,2,42,1,550,115118528,1287,022606DC91C00507,,,0.91,12.19,,,,,,,,45000,,,,,"US,US"
1179,2,2,42,1,550,115118532,1287,022606DC91C40507,,,0.91,12.19,,,,,,,,45000,,,,,"US,US"
1180,2,2,42,1,550,115118786,1287,022606DC92C20507,,,-0.51,0,,,,,,,,45000,,,,,"US,US"
1181,2,2,42,1,550,115118790,1287,022606DC92C60507,,,-0.51,0,,,,,,,,45000,,,,,"US,US"
1182,2,2,42,1,550,115118794,1287,022606DC92CA0507,,,0.91,3.65,,,,,,,,45000,,,,,"US,US"
1183,2,2,42,1,550,115118798,1287,022606DC92CE0507,,,0.91,3.65,,,,,,,,45000,,,,,"US,US"
1184,2,2,42,1,550,115118801,1287,022606DC92D10507,,,-0.51,0,,,,,,,,45000,,,,,"US,US"
1185,2,2,42,1,550,115118807,1287,022606DC92D70507,,,-0.51,0,,,,,,,,45000,,,,,"US,US"
1186,2,2,42,1,550,115118811,1287,022606DC92DB0507,,,-0.51,0,,,,,,,,45000,,,,,"US,US"
1187,2,2,42,1,550,115118814,1287,022606DC92DE0507,,,-0.51,0,,,,,,,,45000,,,,,"US,US"
1188,2,2,42,1,550,115118818,1287,022606DC92E20507,,,-0.51,0,,,,,,,,45000,,,,,"US,US"
1189,2,2,42,1,550,115118821,1287,022606DC92E50507,,,-0.51,0,,,,,,,,45000,,,,,"US,US"
1190,2,2,42,1,550,115118825,1287,022606DC92E90507,,,-0.51,0,,,,,,,,45000,,,,,"US,US"
1191,2,2,42,1,550,115118828,1287,022606DC92EC0507,,,-0.51,0,,,,,,,,45000,,,,,"US,US"
1192,2,2,42,1,550,115118831,1287,022606DC92EF0507,,,-0.51,0,,,,,,,,45000,,,,,"US,US"
1193,2,2,42,1,550,115118835,1287,022606DC92F30507,,,-0.51,0,,,,,,,,45000,,,,,"US,US"
1194,2,2,42,1,550,115118839,1287,022606DC92F70507,,,-0.51,0,,,,,,,,45000,,,,,"US,US"
1195,2,2,42,1,550,115118842,1287,022606DC92FA0507,,,0.91,3.65,,,,,,,,45000,,,,,"US,US"
1196,2,2,42,1,550,115118846,1287,022606DC92FE0507,,,-0.51,0,,,,,,,,45000,,,,,"US,US"
1197,2,2,42,1,550,115118849,1287,022606DC93010507,,,-0.51,0,,,,,,,,45000,,,,,"US,US"
1198,2,2,42,1,550,115118853,1287,022606DC93050507,,,0.91,3.65,,,,,,,,45000,,,,,"US,US"
1199,2,2,42,1,550,115118857,1287,022606DC93090507,,,-0.51,0,,,,,,,,45000,,,,,"US,US"
1200,2,2,42,1,550,115118860,1287,022606DC930C0507,,,0.91,3.65,,,,,,,,45000,,,,,"US,US"
1201,2,2,42,1,550,115118863,1287,022606DC930F0507,,,-0.51,0,,,,,,,,45000,,,,,"US,US"
1202,2,2,42,1,550,115118866,1287,022606DC93120507,,,-0.51,0,,,,,,,,45000,,,,,"US,US"
1203,2,2,42,1,550,115118870,1287,022606DC93160507,,,-0.51,0,,,,,,,,45000,,,,,"US,US"
1204,2,2,42,1,550,115118874,1287,022606DC931A0507,,,-0.51,0,,,,,,,,45000,,,,,"US,US"
1205,2,2,42,1,550,115118878,1287,022606DC931E0507,,,0.91,3.65,,,,,,,,45000,,,,,"US,US"
1206,2,2,42,1,550,115118881,1287,022606DC93210507,,,-0.51,0,,,,,,,,45000,,,,,"US,US"
1207,2,2,42,1,550,115118884,1287,022606DC93240507,,,-0.51,0,,,,,,,,45000,,,,,"US,US"
1208,2,2,42,1,550,115118887,1287,022606DC93270507,,,-0.51,0,,,,,,,,45000,,,,,"US,US"
1209,2,2,42,1,550,115118890,1287,022606DC932A0507,,,0.91,3.65,,,,,,,,45000,,,,,"US,US"
1210,2,2,42,1,550,115118894,1287,022606DC932E0507,,,-0.51,0,,,,,,,,45000,,,,,"US,US"
1211,2,2,42,1,550,115118897,1287,022606DC93310507,,,-0.51,0,,,,,,,,45000,,,,,"US,US"
1212,2,2,42,1,550,115118901,1287,022606DC93350507,,,-0.51,0,,,,,,,,45000,,,,,"US,US"
1213,2,2,42,1,550,115118905,1287,022606DC93390507,,,0.91,3.65,,,,,,,,45000,,,,,"US,US"
1214,2,2,42,1,550,115118908,1287,022606DC933C0507,,,-0.51,0,,,,,,,,45000,,,,,"US,US"
1215,2,2,42,1,550,115118913,1287,022606DC93410507,,,-0.51,0,,,,,,,,45000,,,,,"US,US"
1216,2,2,42,1,550,115118917,1287,022606DC93450507,,,0.91,3.65,,,,,,,,45000,,,,,"US,US"
1217,2,2,42,1,550,115118920,1287,022606DC93480507,,,-0.51,0,,,,,,,,45000,,,,,"US,US"
1218,2,2,42,1,550,115118924,1287,022606DC934C0507,,,-0.51,0,,,,,,,,45000,,,,,"US,US"
1219,2,2,42,1,550,115118927,1287,022606DC934F0507,,,-0.51,0,,,,,,,,45000,,,,,"US,US"
1220,2,2,42,1,550,115118930,1287,022606DC93520507,,,-0.51,0,,,,,,,,45000,,,,,"US,US"
1221,2,2,42,1,550,115118933,1287,022606DC93550507,,,-0.51,0,,,,,,,,45000,,,,,"US,US"
1222,2,2,42,1,550,115118936,1287,022606DC93580507,,,0.91,3.65,,,,,,,,45000,,,,,"US,US"
1223,2,2,42,1,550,115118939,1287,022606DC935B0507,,,-0.51,0,,,,,,,,45000,,,,,"US,US"
1224,2,2,42,1,550,115118943,1287,022606DC935F0507,,,-0.51,0,,,,,,,,45000,,,,,"US,US"
1225,2,2,42,1,550,115118946,1287,022606DC93620507,,,-0.51,0,,,,,,,,45000,,,,,"US,US"
1226,2,2,42,1,550,115118950,1287,022606DC93660507,,,-0.51,0,,,,,,,,45000,,,,,"US,US"
1227,2,2,42,1,550,115118953,1287,022606DC93690507,,,-0.51,0,,,,,,,,45000,,,,,"US,US"
1228,2,2,42,1,550,115118957,1287,022606DC936D0507,,,-0.51,0,,,,,,,,45000,,,,,"US,US"
1229,2,2,42,1,550,115118961,1287,022606DC93710507,,,-0.51,0,,,,,,,,45000,,,,,"US,US"
1230,2,2,42,1,550,115118964,1287,022606DC93740507,,,-0.51,0,,,,,,,,45000,,,,,"US,US"
1231,2,2,42,1,550,115118967,1287,022606DC93770507,,,-0.51,0,,,,,,,,45000,,,,,"US,US"
1232,2,2,42,1,550,115118970,1287,022606DC937A0507,,,-0.51,0,,,,,,,,45000,,,,,"US,US"
1233,2,2,42,1,550,115118973,1287,022606DC937D0507,,,-0.51,0,,,,,,,,45000,,,,,"US,US"
1234,2,2,42,1,550,115118976,1287,022606DC93800507,,,-0.51,0,,,,,,,,45000,,,,,"US,US"
1235,2,2,42,1,550,115118979,1287,022606DC93830507,,,-0.51,0,,,,,,,,45000,,,,,"US,US"
1236,2,2,42,1,550,115118983,1287,022606DC93870507,,,-0.51,0,,,,,,,,45000,,,,,"US,US"
1237,2,2,42,1,550,115118987,1287,022606DC938B0507,,,-0.51,0,,,,,,,,45000,,,,,"US,US"
1238,2,2,42,1,550,115118990,1287,022606DC938E0507,,,-0.51,0,,,,,,,,45000,,,,,"US,US"
1239,2,2,42,1,550,115118993,1287,022606DC93910507,,,-0.51,0,,,,,,,,45000,,,,,"US,US"
1240,2,2,42,1,550,115118996,1287,022606DC93940507,,,-0.51,0,,,,,,,,45000,,,,,"US,US"
1241,2,2,42,1,550,115118999,1287,022606DC93970507,,,-0.51,0,,,,,,,,45000,,,,,"US,US"
1242,2,2,42,1,550,115119002,1287,022606DC939A0507,,,-0.51,0,,,,,,,,45000,,,,,"US,US"
1243,2,2,42,1,550,115119005,1287,022606DC939D0507,,,-0.51,0,,,,,,,,45000,,,,,"US,US"
1244,2,2,42,1,550,115119009,1287,022606DC93A10507,,,-0.51,0,,,,,,,,45000,,,,,"US,US"
1245,2,2,42,1,550,115119013,1287,022606DC93A50507,,,-0.51,0,,,,,,,,45000,,,,,"US,US"
1246,2,2,42,1,550,115119016,1287,022606DC93A80507,,,-0.51,0,,,,,,,,45000,,,,,"US,US"
1247,2,2,42,1,550,115119019,1287,022606DC93AB0507,,,0.91,3.65,,,,,,,,45000,,,,,"US,US"
1248,2,2,42,1,550,115119022,1287,022606DC93AE0507,,,-0.51,0,,,,,,,,45000,,,,,"US,US"
1249,2,2,42,1,550,115119026,1287,022606DC93B20507,,,0.91,3.65,,,,,,,,45000,,,,,"US,US"
1250,2,2,42,1,550,115119029,1287,022606DC93B50507,,,-0.51,0,,,,,,,,45000,,,,,"US,US"
1251,2,2,42,1,550,115119032,1287,022606DC93B80507,,,-0.51,0,,,,,,,,45000,,,,,"US,US"
1252,2,2,42,1,550,115119036,1287,022606DC93BC0507,,,0.91,3.65,,,,,,,,45000,,,,,"US,US"
1253,2,2,42,1,550,115119039,1287,022606DC93BF0507,,,0.91,3.65,,,,,,,,45000,,,,,"US,US"
1254,2,2,42,1,550,115119043,1287,022606DC93C30507,,,-0.51,0,,,,,,,,45000,,,,,"US,US"
1255,2,2,42,1,550,115119046,1287,022606DC93C60507,,,-0.51,0,,,,,,,,45000,,,,,"US,US"
1256,2,2,42,1,550,115119049,1287,022606DC93C90507,,,-0.51,0,,,,,,,,45000,,,,,"US,US"
1257,2,2,42,1,550,115119052,1287,022606DC93CC0507,,,0.91,3.65,,,,,,,,45000,,,,,"US,US"
1258,2,2,42,1,550,115119055,1287,022606DC93CF0507,,,0.91,3.65,,,,,,,,45000,,,,,"US,US"
1259,2,2,42,1,550,115119058,1287,022606DC93D20507,,,-0.51,0,,,,,,,,45000,,,,,"US,US"
1260,2,2,42,1,550,115119061,1287,022606DC93D50507,,,0.91,3.65,,,,,,,,45000,,,,,"US,US"
1261,2,2,42,1,550,115119065,1287,022606DC93D90507,,,-0.51,0,,,,,,,,45000,,,,,"US,US"
1262,2,2,42,1,550,115119068,1287,022606DC93DC0507,,,-0.51,0,,,,,,,,45000,,,,,"US,US"
1263,2,2,42,1,550,115119072,1287,022606DC93E00507,,,0.91,3.65,,,,,,,,45000,,,,,"US,US"
1264,2,2,42,1,550,115119078,1287,022606DC93E60507,,,-0.51,0,,,,,,,,45000,,,,,"US,US"
1265,2,2,42,1,550,115119081,1287,022606DC93E90507,,,-0.51,0,,,,,,,,45000,,,,,"US,US"
1266,2,2,42,1,550,115119084,1287,022606DC93EC0507,,,-0.51,0,,,,,,,,45000,,,,,"US,US"
1267,2,2,42,1,550,115119087,1287,022606DC93EF0507,,,0.91,3.65,,,,,,,,45000,,,,,"US,US"
1268,2,2,42,1,550,115119090,1287,022606DC93F20507,,,-0.51,0,,,,,,,,45000,,,,,"US,US"
1269,2,2,42,1,550,115119093,1287,022606DC93F50507,,,-0.51,0,,,,,,,,45000,,,,,"US,US"
1270,2,2,42,1,550,115119168,1287,022606DC94400507,,,-0.51,0,,,,,,,,45000,,,,,"US,US"
1271,2,2,42,1,550,115119171,1287,022606DC94430507,,,-0.51,0,,,,,,,,45000,,,,,"US,US"
1272,2,2,42,1,550,115119174,1287,022606DC94460507,,,-0.51,0,,,,,,,,45000,,,,,"US,US"
1273,2,2,42,1,550,115119185,1287,022606DC94510507,,,-0.51,0,,,,,,,,45000,,,,,"US,US"
1274,2,2,42,1,550,115119188,1287,022606DC94540507,,,-0.51,0,,,,,,,,45000,,,,,"US,US"
1275,2,2,42,1,550,115119192,1287,022606DC94580507,,,-0.51,0,,,,,,,,45000,,,,,"US,US"
1276,2,2,42,1,550,115119196,1287,022606DC945C0507,,,-0.51,0,,,,,,,,45000,,,,,"US,US"
1277,2,2,42,1,550,115119200,1287,022606DC94600507,,,-0.51,0,,,,,,,,45000,,,,,"US,US"
1278,2,2,42,1,550,115119223,1287,022606DC94770507,,,0.91,5.18,,,,,,,,45000,,,,,"US,US"
1279,2,2,42,1,550,115119226,1287,022606DC947A0507,,,0.91,3.65,,,,,,,,45000,,,,,"US,US"
1280,2,2,42,1,550,115119229,1287,022606DC947D0507,,,-0.51,0,,,,,,,,45000,,,,,"US,US"
1281,2,2,42,1,550,115119232,1287,022606DC94800507,,,-0.51,0,,,,,,,,45000,,,,,"US,US"
1282,2,2,42,1,550,115119235,1287,022606DC94830507,,,0.91,3.65,,,,,,,,45000,,,,,"US,US"
1283,2,2,42,1,550,115119238,1287,022606DC94860507,,,-0.51,0,,,,,,,,45000,,,,,"US,US"
1284,2,2,42,1,550,115119241,1287,022606DC94890507,,,-0.51,0,,,,,,,,45000,,,,,"US,US"
1285,2,2,42,1,550,115119290,1287,022606DC94BA0507,,,-0.51,0,,,,,,,,45000,,,,,"US,US"
1286,2,2,42,1,550,115119297,1287,022606DC94C10507,,,-0.51,0,,,,,,,,45000,,,,,"US,US"
1287,2,2,42,1,550,115119300,1287,022606DC94C40507,,,0.91,3.65,,,,,,,,45000,,,,,"US,US"
1288,2,2,42,1,550,115119306,1287,022606DC94CA0507,,,-0.51,0,,,,,,,,45000,,,,,"US,US"
1289,2,2,42,1,550,115119313,1287,022606DC94D10507,,,-0.51,0,,,,,,,,45000,,,,,"US,US"
1290,2,2,42,1,550,115119318,1287,022606DC94D60507,,,-0.51,0,,,,,,,,45000,,,,,"US,US"
1291,2,2,42,1,550,115119329,1287,022606DC94E10507,,,-0.51,0,,,,,,,,45000,,,,,"US,US"
1292,2,2,42,1,550,115119335,1287,022606DC94E70507,,,-0.51,0,,,,,,,,45000,,,,,"US,US"
1293,2,2,42,1,550,115119341,1287,022606DC94ED0507,,,-0.51,0,,,,,,,,45000,,,,,"US,US"
1294,2,2,42,1,550,115119345,1287,022606DC94F10507,,,0.91,3.65,,,,,,,,45000,,,,,"US,US"
1295,2,2,42,1,550,115119348,1287,022606DC94F40507,,,-0.51,0,,,,,,,,45000,,,,,"US,US"
1296,2,2,42,1,550,115119352,1287,022606DC94F80507,,,-0.51,0,,,,,,,,45000,,,,,"US,US"
1297,2,2,42,1,550,115119355,1287,022606DC94FB0507,,,-0.51,0,,,,,,,,45000,,,,,"US,US"
1298,2,2,42,1,550,115119358,1287,022606DC94FE0507,,,-0.51,0,,,,,,,,45000,,,,,"US,US"
1299,2,2,42,1,550,115119377,1287,022606DC95110507,,,-0.51,0,,,,,,,,45000,,,,,"US,US"
1300,2,2,42,1,550,115119381,1287,022606DC95150507,,,-0.51,0,,,,,,,,45000,,,,,"US,US"
1301,2,2,42,1,550,115119384,1287,022606DC95180507,,,-0.51,0,,,,,,,,45000,,,,,"US,US"
1302,2,2,42,1,550,115119388,1287,022606DC951C0507,,,-0.51,0,,,,,,,,45000,,,,,"US,US"
1303,2,2,42,1,550,115119391,1287,022606DC951F0507,,,-0.51,0,,,,,,,,45000,,,,,"US,US"
1304,2,2,42,1,550,115119395,1287,022606DC95230507,,,-0.51,0,,,,,,,,45000,,,,,"US,US"
1305,2,2,42,1,550,115119398,1287,022606DC95260507,,,-0.51,0,,,,,,,,45000,,,,,"US,US"
1306,2,2,42,1,550,115119402,1287,022606DC952A0507,,,-0.51,0,,,,,,,,45000,,,,,"US,US"
1307,2,2,42,1,550,115119405,1287,022606DC952D0507,,,-0.51,0,,,,,,,,45000,,,,,"US,US"
1308,2,2,42,1,550,115119408,1287,022606DC95300507,,,-0.51,0,,,,,,,,45000,,,,,"US,US"
1309,2,2,42,1,550,115119411,1287,022606DC95330507,,,-0.51,0,,,,,,,,45000,,,,,"US,US"
1310,2,2,42,1,550,115119415,1287,022606DC95370507,,,-0.51,0,,,,,,,,45000,,,,,"US,US"
1311,2,2,42,1,550,115119418,1287,022606DC953A0507,,,-0.51,0,,,,,,,,45000,,,,,"US,US"
1312,2,2,42,1,550,115119421,1287,022606DC953D0507,,,-0.51,0,,,,,,,,45000,,,,,"US,US"
1313,2,2,42,1,550,115119425,1287,022606DC95410507,,,-0.51,0,,,,,,,,45000,,,,,"US,US"
1314,2,2,42,1,550,115119429,1287,022606DC95450507,,,-0.51,0,,,,,,,,45000,,,,,"US,US"
1315,2,2,42,1,550,115119432,1287,022606DC95480507,,,-0.51,0,,,,,,,,45000,,,,,"US,US"
1316,2,2,42,1,550,115119435,1287,022606DC954B0507,,,-0.51,0,,,,,,,,45000,,,,,"US,US"
1317,2,2,42,1,550,115119438,1287,022606DC954E0507,,,-0.51,0,,,,,,,,45000,,,,,"US,US"
1318,2,2,42,1,550,115119442,1287,022606DC95520507,,,-0.51,0,,,,,,,,45000,,,,,"US,US"
1319,2,2,42,1,550,115119445,1287,022606DC95550507,,,-0.51,0,,,,,,,,45000,,,,,"US,US"
1320,2,2,42,1,550,115119448,1287,022606DC95580507,,,-0.51,0,,,,,,,,45000,,,,,"US,US"
1321,2,2,42,1,550,115119451,1287,022606DC955B0507,,,-0.51,0,,,,,,,,45000,,,,,"US,US"
1322,2,2,42,1,550,115119454,1287,022606DC955E0507,,,-0.51,0,,,,,,,,45000,,,,,"US,US"
1323,2,2,42,1,550,115119457,1287,022606DC95610507,,,-0.51,0,,,,,,,,45000,,,,,"US,US"
1324,2,2,42,1,550,115119460,1287,022606DC95640507,,,1.82,2.43,,,,,,,,45000,,,,,"US,US"
1325,2,2,42,1,550,115119463,1287,022606DC95670507,,,-0.51,0,,,,,,,,45000,,,,,"US,US"
1326,2,2,42,1,550,115119470,1287,022606DC956E0507,,,-0.51,0,,,,,,,,45000,,,,,"US,US"
1327,2,2,42,1,550,115119474,1287,022606DC95720507,,,-0.51,0,,,,,,,,45000,,,,,"US,US"
1328,2,2,42,1,550,115119482,1287,022606DC957A0507,,,-0.51,0,,,,,,,,45000,,,,,"US,US"
1329,2,2,42,1,550,115119485,1287,022606DC957D0507,,,-0.51,2.43,,,,,,,,45000,,,,,"US,US"
1330,2,2,42,1,550,115119490,1287,022606DC95820507,,,-0.51,2.43,,,,,,,,45000,,,,,"US,US"
1331,2,2,42,1,550,115119495,1287,022606DC95870507,,,-0.51,2.43,,,,,,,,45000,,,,,"US,US"
1332,2,2,42,1,550,115119501,1287,022606DC958D0507,,,-0.51,2.43,,,,,,,,45000,,,,,"US,US"
1333,2,2,42,1,550,115119506,1287,022606DC95920507,,,-0.51,2.43,,,,,,,,45000,,,,,"US,US"
1334,2,2,42,1,550,115119509,1287,022606DC95950507,,,-0.51,2.43,,,,,,,,45000,,,,,"US,US"
1335,2,2,42,1,550,115119512,1287,022606DC95980507,,,-0.51,2.43,,,,,,,,45000,,,,,"US,US"
1336,2,2,42,1,550,115119514,1287,022606DC959A0507,,,-0.51,2.43,,,,,,,,45000,,,,,"US,US"
1337,2,2,42,1,550,115119517,1287,022606DC959D0507,,,-0.51,2.43,,,,,,,,45000,,,,,"US,US"
1338,2,2,42,1,550,115119519,1287,022606DC959F0507,,,-0.51,2.43,,,,,,,,45000,,,,,"US,US"
1339,2,2,42,1,550,115119525,1287,022606DC95A50507,,,-0.51,2.43,,,,,,,,45000,,,,,"US,US"
1340,2,2,42,1,550,115119529,1287,022606DC95A90507,,,-0.51,2.43,,,,,,,,45000,,,,,"US,US"
1341,2,2,42,1,550,115119536,1287,022606DC95B00507,,,-0.51,2.43,,,,,,,,45000,,,,,"US,US"
1342,2,2,42,1,550,115119542,1287,022606DC95B60507,,,-0.51,2.43,,,,,,,,45000,,,,,"US,US"
1343,2,2,42,1,550,115119545,1287,022606DC95B90507,,,-0.51,2.43,,,,,,,,45000,,,,,"US,US"
1344,2,2,42,1,550,115119549,1287,022606DC95BD0507,,,-0.51,2.43,,,,,,,,45000,,,,,"US,US"
1345,2,2,42,1,550,115119552,1287,022606DC95C00507,,,-0.51,2.43,,,,,,,,45000,,,,,"US,US"
1346,2,2,42,1,550,115119554,1287,022606DC95C20507,,,-0.51,2.43,,,,,,,,45000,,,,,"US,US"
1347,2,2,42,1,550,115119558,1287,022606DC95C60507,,,-0.51,2.43,,,,,,,,45000,,,,,"US,US"
1348,2,2,42,1,550,115119561,1287,022606DC95C90507,,,-0.51,2.43,,,,,,,,45000,,,,,"US,US"
1349,2,2,42,1,550,115119565,1287,022606DC95CD0507,,,-0.51,2.43,,,,,,,,45000,,,,,"US,US"
1350,2,2,42,1,550,115119567,1287,022606DC95CF0507,,,-0.51,2.43,,,,,,,,45000,,,,,"US,US"
1351,2,2,42,1,550,115119570,1287,022606DC95D20507,,,-0.51,2.43,,,,,,,,45000,,,,,"US,US"
1352,2,2,42,1,550,115119575,1287,022606DC95D70507,,,-0.51,2.43,,,,,,,,45000,,,,,"US,US"
1353,2,2,42,1,550,115119578,1287,022606DC95DA0507,,,-0.51,2.43,,,,,,,,45000,,,,,"US,US"
1354,2,2,42,1,550,115119581,1287,022606DC95DD0507,,,-0.51,2.43,,,,,,,,45000,,,,,"US,US"
1355,2,2,42,1,550,115119584,1287,022606DC95E00507,,,-0.51,2.43,,,,,,,,45000,,,,,"US,US"
1356,2,2,42,1,550,115119587,1287,022606DC95E30507,,,-0.51,2.43,,,,,,,,45000,,,,,"US,US"
1357,2,2,42,1,550,115119590,1287,022606DC95E60507,,,-0.51,2.43,,,,,,,,45000,,,,,"US,US"
1358,2,2,42,1,550,115119593,1287,022606DC95E90507,,,-0.51,2.43,,,,,,,,45000,,,,,"US,US"
1359,2,2,42,1,550,115119599,1287,022606DC95EF0507,,,-0.51,2.43,,,,,,,,45000,,,,,"US,US"
1360,2,2,42,1,550,115119607,1287,022606DC95F70507,,,-0.51,2.43,,,,,,,,45000,,,,,"US,US"
1361,2,2,42,1,550,115119610,1287,022606DC95FA0507,,,-0.51,2.43,,,,,,,,45000,,,,,"US,US"
1362,2,2,42,1,550,115119618,1287,022606DC96020507,,,-0.51,2.43,,,,,,,,45000,,,,,"US,US"
1363,2,2,42,1,550,115119624,1287,022606DC96080507,,,-0.51,2.43,,,,,,,,45000,,,,,"US,US"
1364,2,2,42,1,550,115119634,1287,022606DC96120507,,,-0.51,0,,,,,,,,45000,,,,,"US,US"
1365,2,2,42,1,550,115119637,1287,022606DC96150507,,,-0.51,0,,,,,,,,45000,,,,,"US,US"
1366,2,2,42,1,550,115119640,1287,022606DC96180507,,,-0.51,0,,,,,,,,45000,,,,,"US,US"
1367,2,2,42,1,550,115119690,1287,022606DC964A0507,,,-0.51,0,,,,,,,,45000,,,,,"US,US"
1368,2,2,42,1,550,115119693,1287,022606DC964D0507,,,0.91,3.65,,,,,,,,45000,,,,,"US,US"
1369,2,2,42,1,550,115119709,1287,022606DC965D0507,,,-0.51,0,,,,,,,,45000,,,,,"US,US"
1370,2,2,42,1,550,115119712,1287,022606DC96600507,,,0.91,3.65,,,,,,,,45000,,,,,"US,US"
1371,2,2,42,1,550,115119843,1287,022606DC96E30507,,,-0.51,0,,,,,,,,45000,,,,,"US,US"
1372,2,2,42,1,550,115120206,1287,022606DC984E0507,,,3.65,12.8,,,,,,,,45000,,,,,"US,US"
1373,2,2,42,1,550,115120275,1287,022606DC98930507,,,1.52,12.8,,,,,,,,45000,,,,,"US,US"
1374,2,2,42,1,550,115120278,1287,022606DC98960507,,,1.52,11.27,,,,,,,,45000,,,,,"US,US"
1375,2,2,42,1,550,115120316,1287,022606DC98BC0507,,,5.48,5.79,,,,,,,,45000,,,,,"US,US"
1376,2,2,42,1,550,115120320,1287,022606DC98C00507,,,3.65,12.19,,,,,,,,45000,,,,,"US,US"
1377,2,2,42,1,550,115120327,1287,022606DC98C70507,,,5.18,5.79,,,,,,,,45000,,,,,"US,US"
1378,2,2,42,1,550,115120332,1287,022606DC98CC0507,,,5.33,5.79,,,,,,,,45000,,,,,"US,US"
1379,2,2,42,1,550,115120336,1287,022606DC98D00507,,,-0.51,3.65,,,,,,,,45000,,,,,"US,US"
1380,2,2,42,1,550,115120339,1287,022606DC98D30507,,,-0.51,3.65,,,,,,,,45000,,,,,"US,US"
1381,2,2,42,1,550,115120346,1287,022606DC98DA0507,,,-0.51,3.65,,,,,,,,45000,,,,,"US,US"
1382,2,2,42,1,550,115120352,1287,022606DC98E00507,,,-0.51,3.65,,,,,,,,45000,,,,,"US,US"
1383,2,2,42,1,550,115120356,1287,022606DC98E40507,,,-0.51,3.65,,,,,,,,45000,,,,,"US,US"
1384,2,2,42,1,550,115120359,1287,022606DC98E70507,,,-0.51,3.65,,,,,,,,45000,,,,,"US,US"
1385,2,2,42,1,550,115120364,1287,022606DC98EC0507,,,-0.51,3.65,,,,,,,,45000,,,,,"US,US"
1386,2,2,42,1,550,115120371,1287,022606DC98F30507,,,-0.51,3.65,,,,,,,,45000,,,,,"US,US"
1387,2,2,42,1,550,115120374,1287,022606DC98F60507,,,-0.51,3.65,,,,,,,,45000,,,,,"US,US"
1388,2,2,42,1,550,115120377,1287,022606DC98F90507,,,-0.51,3.65,,,,,,,,45000,,,,,"US,US"
1389,2,2,42,1,550,115120380,1287,022606DC98FC0507,,,-0.51,3.65,,,,,,,,45000,,,,,"US,US"
1390,2,2,42,1,550,115120384,1287,022606DC99000507,,,-0.51,3.65,,,,,,,,45000,,,,,"US,US"
1391,2,2,42,1,550,115120387,1287,022606DC99030507,,,-0.51,3.65,,,,,,,,45000,,,,,"US,US"
1392,2,2,42,1,550,115120390,1287,022606DC99060507,,,-0.51,3.65,,,,,,,,45000,,,,,"US,US"
1393,2,2,42,1,550,115120393,1287,022606DC99090507,,,-0.51,3.65,,,,,,,,45000,,,,,"US,US"
1394,2,2,42,1,550,115120400,1287,022606DC99100507,,,-0.51,3.65,,,,,,,,45000,,,,,"US,US"
1395,2,2,42,1,550,115120403,1287,022606DC99130507,,,-0.51,3.65,,,,,,,,45000,,,,,"US,US"
1396,2,2,42,1,550,115120406,1287,022606DC99160507,,,-0.51,3.65,,,,,,,,45000,,,,,"US,US"
1397,2,2,42,1,550,115120409,1287,022606DC99190507,,,-0.51,3.65,,,,,,,,45000,,,,,"US,US"
1398,2,2,42,1,550,115120413,1287,022606DC991D0507,,,-0.51,3.65,,,,,,,,45000,,,,,"US,US"
1399,2,2,42,1,550,115120416,1287,022606DC99200507,,,-0.51,3.65,,,,,,,,45000,,,,,"US,US"
1400,2,2,42,1,550,115120419,1287,022606DC99230507,,,-0.51,3.65,,,,,,,,45000,,,,,"US,US"
1401,2,2,42,1,550,115120422,1287,022606DC99260507,,,-0.51,3.65,,,,,,,,45000,,,,,"US,US"
1402,2,2,42,1,550,115120425,1287,022606DC99290507,,,-0.51,3.65,,,,,,,,45000,,,,,"US,US"
1403,2,2,42,1,550,115120428,1287,022606DC992C0507,,,-0.51,3.65,,,,,,,,45000,,,,,"US,US"
1404,2,2,42,1,550,115120432,1287,022606DC99300507,,,-0.51,3.65,,,,,,,,45000,,,,,"US,US"
1405,2,2,42,1,550,115120435,1287,022606DC99330507,,,-0.51,3.65,,,,,,,,45000,,,,,"US,US"
1406,2,2,42,1,550,115120438,1287,022606DC99360507,,,-0.51,3.65,,,,,,,,45000,,,,,"US,US"
1407,2,2,42,1,550,115120441,1287,022606DC99390507,,,-0.51,3.65,,,,,,,,45000,,,,,"US,US"
1408,2,2,42,1,550,115120445,1287,022606DC993D0507,,,-0.51,3.65,,,,,,,,45000,,,,,"US,US"
1409,2,2,42,1,550,115120449,1287,022606DC99410507,,,-0.51,3.65,,,,,,,,45000,,,,,"US,US"
1410,2,2,42,1,550,115120452,1287,022606DC99440507,,,-0.51,3.65,,,,,,,,45000,,,,,"US,US"
1411,2,2,42,1,550,115120455,1287,022606DC99470507,,,-0.51,3.65,,,,,,,,45000,,,,,"US,US"
1412,2,2,42,1,550,115120458,1287,022606DC994A0507,,,-0.51,3.65,,,,,,,,45000,,,,,"US,US"
1413,2,2,42,1,550,115120465,1287,022606DC99510507,,,-0.51,3.65,,,,,,,,45000,,,,,"US,US"
1414,2,2,42,1,550,115120468,1287,022606DC99540507,,,-0.51,3.65,,,,,,,,45000,,,,,"US,US"
1415,2,2,42,1,550,115120472,1287,022606DC99580507,,,-0.51,3.65,,,,,,,,45000,,,,,"US,US"
1416,2,2,42,1,550,115120476,1287,022606DC995C0507,,,-0.51,3.65,,,,,,,,45000,,,,,"US,US"
1417,2,2,42,1,550,115120479,1287,022606DC995F0507,,,-0.51,3.65,,,,,,,,45000,,,,,"US,US"
1418,2,2,42,1,550,115120516,1287,022606DC99840507,,,-0.51,3.65,,,,,,,,45000,,,,,"US,US"
1419,2,2,42,1,550,115120519,1287,022606DC99870507,,,-0.51,3.65,,,,,,,,45000,,,,,"US,US"
1420,2,2,42,1,550,115120523,1287,022606DC998B0507,,,-0.51,3.65,,,,,,,,45000,,,,,"US,US"
1421,2,2,42,1,550,115120528,1287,022606DC99900507,,,-0.51,3.65,,,,,,,,45000,,,,,"US,US"
1422,2,2,42,1,550,115120531,1287,022606DC99930507,,,-0.51,3.65,,,,,,,,45000,,,,,"US,US"
1423,2,2,42,1,550,115120534,1287,022606DC99960507,,,-0.51,3.65,,,,,,,,45000,,,,,"US,US"
1424,2,2,42,1,550,115120537,1287,022606DC99990507,,,-0.51,3.65,,,,,,,,45000,,,,,"US,US"
1425,2,2,42,1,550,115120551,1287,022606DC99A70507,,,-0.51,3.65,,,,,,,,45000,,,,,"US,US"
1426,2,2,42,1,550,115120557,1287,022606DC99AD0507,,,-0.51,3.65,,,,,,,,45000,,,,,"US,US"
1427,2,2,42,1,550,115120560,1287,022606DC99B00507,,,-0.51,3.65,,,,,,,,45000,,,,,"US,US"
1428,2,2,42,1,550,115120565,1287,022606DC99B50507,,,-0.51,3.65,,,,,,,,45000,,,,,"US,US"
1429,2,2,42,1,550,115120569,1287,022606DC99B90507,,,3.65,10.36,,,,,,,,45000,,,,,"US,US"
1430,3,1,42,1,550,175398211,1080,02260A745D430438,,,-0.51,0,,,,,,,,,,,,19990529,"US,US,graph,chart 11322"
1431,3,1,42,1,550,175398224,1080,02260A745D500438,,,-0.51,0,,,,,,,,,,,,19990529,"US,US,graph,chart 11322"
1432,3,1,42,1,550,175398352,1080,02260A745DD00438,,,-0.51,0,,,,,,,,,,,,19990529,"US,US,graph,chart 11322"
1433,3,1,42,1,550,175398365,1080,02260A745DDD0438,,,-0.51,0,,,,,,,,,,,,19990529,"US,US,graph,chart 11322"
1434,3,1,42,1,550,175398379,1080,02260A745DEB0438,,,-0.51,0,,,,,,,,,,,,19990529,"US,US,graph,chart 11322"
1435,3,1,42,1,550,175398393,1080,02260A745DF90438,,,-0.51,0,,,,,,,,,,,,19990529,"US,US,graph,chart 11322"
1436,3,1,42,1,550,175398429,1080,02260A745E1D0438,,,-0.51,0,,,,,,,,,,,,19990529,"US,US,graph,chart 11322"
1437,3,1,42,1,550,175398442,1080,02260A745E2A0438,,,-0.51,0,,,,,,,,,,,,19990529,"US,US,graph,chart 11322"
1438,3,1,42,1,550,175398456,1080,02260A745E380438,,,-0.51,0,,,,,,,,,,,,19990529,"US,US,graph,chart 11322"
1439,3,1,42,1,550,175398469,1080,02260A745E450438,,,-0.51,0,,,,,,,,,,,,19990529,"US,US,graph,chart 11322"
1440,3,1,42,1,550,175398494,1080,02260A745E5E0438,,,-0.51,0,,,,,,,,,,,,19990529,"US,US,graph,chart 11322"
1441,3,1,42,1,550,175398507,1080,02260A745E6B0438,,,-0.51,0,,,,,,,,,,,,19990529,"US,US,graph,chart 11322"
1442,3,1,42,1,550,175398520,1080,02260A745E780438,,,-0.51,0,,,,,,,,,,,,19990529,"US,US,graph,chart 11322"
1443,3,1,42,1,550,175398547,1080,02260A745E930438,,,-0.51,0,,,,,,,,,,,,19990529,"US,US,graph,chart 11322"
1444,3,1,42,1,550,175398561,1080,02260A745EA10438,,,-0.51,0,,,,,,,,,,,,19990529,"US,US,graph,chart 11322"
1445,3,1,42,1,550,175398602,1080,02260A745ECA0438,,,-0.51,0,,,,,,,,,,,,19990529,"US,US,graph,chart 11322"
1446,3,1,42,1,550,175398644,1080,02260A745EF40438,,,-0.51,0,,,,,,,,,,,,19990529,"US,US,graph,chart 11322"
1447,3,1,42,1,550,175398685,1080,02260A745F1D0438,,,-0.51,0,,,,,,,,,,,,19990529,"US,US,graph,chart 11322"
1448,3,1,42,1,550,175398699,1080,02260A745F2B0438,,,-0.51,0,,,,,,,,,,,,19990529,"US,US,graph,chart 11322"
1449,3,1,42,1,550,175398921,1080,02260A7460090438,,,-0.51,0,,,,,,,,,,,,19990529,"US,US,graph,chart 11322"
1450,3,1,42,1,550,175401312,1080,02260A7469600438,,,5.48,9.14,,,,,,,,,,,,19990529,"US,US,graph,chart 11322"
1451,3,1,42,1,550,175401327,1080,02260A74696F0438,,,5.48,9.14,,,,,,,,,,,,19990529,"US,US,graph,chart 11322"
1452,3,1,42,1,550,175401373,1080,02260A74699D0438,,,9.14,14.32,,,,,,,,,,,,19990529,"US,US,graph,chart 11322"
1453,3,1,42,1,550,236078822,1132,02260E1246E6046C,,,-0.51,0,,,,,,,,,,,,19990529,"US,US,graph,chart 11322"
1454,3,1,42,1,550,236072600,1132,02260E122E98046C,,,-0.51,0,,,,,,,,,,,,19990529,"US,US,graph,chart 11322"
1455,3,1,42,1,550,236070615,1132,02260E1226D7046C,,,0,0.91,,,,,,,,,,,,19990529,"US,US,graph,chart 11322"
1456,2,2,42,1,550,115119656,1287,022606DC96280507,,,-0.51,0,,,,,,,,45000,,,,,"US,US"
1457,2,2,42,1,550,115119717,1287,022606DC96650507,,,-0.51,0,,,,,,,,45000,,,,,"US,US"
1458,2,2,42,1,550,115119721,1287,022606DC96690507,,,-0.51,0,,,,,,,,45000,,,,,"US,US"
1459,2,2,42,1,550,115119726,1287,022606DC966E0507,,,-0.51,0,,,,,,,,45000,,,,,"US,US"
1460,2,2,42,1,550,115119730,1287,022606DC96720507,,,-0.51,0,,,,,,,,45000,,,,,"US,US"
1461,2,2,42,1,550,115119733,1287,022606DC96750507,,,-0.51,0,,,,,,,,45000,,,,,"US,US"
1462,2,2,42,1,550,115119758,1287,022606DC968E0507,,,-0.51,0,,,,,,,,45000,,,,,"US,US"
1463,2,2,42,1,550,115119763,1287,022606DC96930507,,,-0.51,0,,,,,,,,45000,,,,,"US,US"
1464,2,2,42,1,550,115119768,1287,022606DC96980507,,,-0.51,0,,,,,,,,45000,,,,,"US,US"
1465,2,2,42,1,550,115119771,1287,022606DC969B0507,,,-0.51,0,,,,,,,,45000,,,,,"US,US"
1466,2,2,42,1,550,115119776,1287,022606DC96A00507,,,-0.51,0,,,,,,,,45000,,,,,"US,US"
1467,2,2,42,1,550,115119780,1287,022606DC96A40507,,,-0.51,0,,,,,,,,45000,,,,,"US,US"
1468,2,2,42,1,550,115119783,1287,022606DC96A70507,,,0.91,3.65,,,,,,,,45000,,,,,"US,US"
1469,2,2,42,1,550,115119786,1287,022606DC96AA0507,,,-0.51,0,,,,,,,,45000,,,,,"US,US"
1470,2,2,42,1,550,115119789,1287,022606DC96AD0507,,,-0.51,0,,,,,,,,45000,,,,,"US,US"
1471,2,2,42,1,550,115119792,1287,022606DC96B00507,,,-0.51,0,,,,,,,,45000,,,,,"US,US"
1472,2,2,42,1,550,115119795,1287,022606DC96B30507,,,-0.51,0,,,,,,,,45000,,,,,"US,US"
1473,2,2,42,1,550,115119798,1287,022606DC96B60507,,,-0.51,0,,,,,,,,45000,,,,,"US,US"
1474,2,2,42,1,550,115119801,1287,022606DC96B90507,,,-0.51,0,,,,,,,,45000,,,,,"US,US"
1475,2,2,42,1,550,115119805,1287,022606DC96BD0507,,,-0.51,0,,,,,,,,45000,,,,,"US,US"
1476,2,2,42,1,550,115119809,1287,022606DC96C10507,,,-0.51,0,,,,,,,,45000,,,,,"US,US"
1477,2,2,42,1,550,115119812,1287,022606DC96C40507,,,-0.51,0,,,,,,,,45000,,,,,"US,US"
1478,2,2,42,1,550,115119815,1287,022606DC96C70507,,,-0.51,0,,,,,,,,45000,,,,,"US,US"
1479,2,2,42,1,550,115119819,1287,022606DC96CB0507,,,-0.51,0,,,,,,,,45000,,,,,"US,US"
1480,2,2,42,1,550,115119827,1287,022606DC96D30507,,,-0.51,0,,,,,,,,45000,,,,,"US,US"
1481,2,2,42,1,550,115119833,1287,022606DC96D90507,,,-0.51,0,,,,,,,,45000,,,,,"US,US"
1482,2,2,42,1,550,115119838,1287,022606DC96DE0507,,,-0.51,0,,,,,,,,45000,,,,,"US,US"
1483,2,2,42,1,550,115119846,1287,022606DC96E60507,,,-0.51,0,,,,,,,,45000,,,,,"US,US"
1484,2,2,42,1,550,115119858,1287,022606DC96F20507,,,-0.51,0,,,,,,,,45000,,,,,"US,US"
1485,2,2,42,1,550,115119862,1287,022606DC96F60507,,,-0.51,0,,,,,,,,45000,,,,,"US,US"
1486,2,2,42,1,550,115119866,1287,022606DC96FA0507,,,-0.51,0,,,,,,,,45000,,,,,"US,US"
1487,2,2,42,1,550,115119872,1287,022606DC97000507,,,-0.51,0,,,,,,,,45000,,,,,"US,US"
1488,2,2,42,1,550,115119880,1287,022606DC97080507,,,-0.51,0,,,,,,,,45000,,,,,"US,US"
1489,2,2,42,1,550,115119887,1287,022606DC970F0507,,,-0.51,0,,,,,,,,45000,,,,,"US,US"
1490,2,2,42,1,550,115119905,1287,022606DC97210507,,,-0.51,0,,,,,,,,45000,,,,,"US,US"
1491,2,2,42,1,550,115119909,1287,022606DC97250507,,,-0.51,0,,,,,,,,45000,,,,,"US,US"
1492,2,2,42,1,550,115119913,1287,022606DC97290507,,,-0.51,0,,,,,,,,45000,,,,,"US,US"
1493,2,2,42,1,550,115120488,1287,022606DC99680507,,,-0.51,3.65,,,,,,,,45000,,,,,"US,US"
1494,2,2,42,1,550,115120503,1287,022606DC99770507,,,-0.51,3.65,,,,,,,,45000,,,,,"US,US"
1495,2,2,42,1,550,115120548,1287,022606DC99A40507,,,-0.51,3.65,,,,,,,,45000,,,,,"US,US"
1496,2,2,42,1,550,115120572,1287,022606DC99BC0507,,,-0.51,3.65,,,,,,,,45000,,,,,"US,US"
1497,3,1,42,1,550,175398892,1080,02260A745FEC0438,,,-0.51,0,,,,,,,,,,,,19990529,"US,US,graph,chart 11322"
1498,2,2,42,1,550,115119884,1287,022606DC970C0507,,,-0.51,0,,,,,,,,45000,,,,,"US,US"
1499,2,2,42,1,550,115119893,1287,022606DC97150507,,,-0.51,0,,,,,,,,45000,,,,,"US,US"
1500,2,2,42,1,550,115119896,1287,022606DC97180507,,,-0.51,0,,,,,,,,45000,,,,,"US,US"
1501,2,2,42,1,550,115120512,1287,022606DC99800507,,,-0.51,3.65,,,,,,,,45000,,,,,"US,US"
1502,2,2,42,1,550,115120578,1287,022606DC99C20507,,,-0.51,3.65,,,,,,,,45000,,,,,"US,US"
