RCID,PRIM,GRUP,OBJL,RVER,AGEN,FIDN,FIDS,LNAM,LNAM_REFS,FFPT_RIND,CATROD,CONDTN,NATCON,NOBJNM,OBJNAM,STATUS,INFORM,NINFOM,NTXTDS,SCAMAX,SCAMIN,TXTDSC,RECDAT,RECIND,SORDAT,SORIND
2356,2,2,116,1,550,175408330,1080,02260A7484CA0438,,,,,,,,,,,,,350000,,,,19990529,"US,US,graph,chart 11322"
2357,2,2,116,1,550,175408344,1080,02260A7484D80438,,,,,,,,,,,,,350000,,,,19990529,"US,US,graph,chart 11322"
2358,2,2,116,1,550,175408494,1080,02260A74856E0438,,,,,,,,,,,,,350000,,,,19990529,"US,US,graph,chart 11322"
2359,2,2,116,1,550,175408507,1080,02260A74857B0438,,,,,,,,,,,,,350000,,,,19990529,"US,US,graph,chart 11322"
2360,2,2,116,1,550,175409001,1080,02260A7487690438,,,,,,,,,,,,,350000,,,,19990529,"US,US,graph,chart 11322"
2361,2,2,116,1,550,175409015,1080,02260A7487770438,,,,,,,,,,,,,350000,,,,19990529,"US,US,graph,chart 11322"
2362,2,2,116,1,550,175409234,1080,02260A7488520438,,,,,,,,,,,,,350000,,,,19990529,"US,US,graph,chart 11322"
2363,2,2,116,1,550,175409247,1080,02260A74885F0438,,,,,,,,,,,,,350000,,,,19990529,"US,US,graph,chart 11322"
2364,2,2,116,1,550,175409279,1080,02260A74887F0438,,,,,,,,,,,,,350000,,,,19990529,"US,US,graph,chart 11322"
2365,2,2,116,1,550,175434340,1080,02260A74EA640438,,,,,,,,,,,,,350000,,,,19990529,"US,US,graph,chart 11322"
2366,2,2,116,1,550,234640642,1133,02260DFC5502046D,,,,,,,,,,,,,350000,,,,19990529,"US,US,graph,chart 11322"
2367,2,2,116,1,550,175404318,1080,02260A74751E0438,,,,,,,,,,,,,350000,,,,19990529,"US,US,graph,chart 11322"
2368,2,2,116,1,550,175404331,1080,02260A74752B0438,,,,,,,,,,,,,350000,,,,19990529,"US,US,graph,chart 11322"
2369,2,2,116,1,550,175404343,1080,02260A7475370438,,,,,,,,,,,,,350000,,,,19990529,"US,US,graph,chart 11322"
2370,2,2,116,1,550,175404357,1080,02260A7475450438,,,,,,,,,,,,,350000,,,,19990529,"US,US,graph,chart 11322"
2371,2,2,116,1,550,175404371,1080,02260A7475530438,,,,,,,,,,,,,350000,,,,19990529,"US,US,graph,chart 11322"
2372,2,2,116,1,550,175404384,1080,02260A7475600438,,,,,,,,,,,,,350000,,,,19990529,"US,US,graph,chart 11322"
2373,2,2,116,1,550,175404397,1080,02260A74756D0438,,,,,,,,,,,,,350000,,,,19990529,"US,US,graph,chart 11322"
2374,2,2,116,1,550,175408454,1080,02260A7485460438,,,,,,,,,,,,,350000,,,,19990529,"US,US,graph,chart 11322"
2375,2,2,116,1,550,175408468,1080,02260A7485540438,,,,,,,,,,,,,350000,,,,19990529,"US,US,graph,chart 11322"
2376,2,2,116,1,550,175408480,1080,02260A7485600438,,,,,,,,,,,,,350000,,,,19990529,"US,US,graph,chart 11322"
2377,2,2,116,1,550,175423042,1080,02260A74BE420438,,,,,,,,,,,,,350000,,,,19990529,"US,US,graph,chart 11322"
2378,2,2,116,1,550,175423072,1080,02260A74BE600438,,,,,,,,,,,,,350000,,,,19990529,"US,US,graph,chart 11322"
2379,2,2,116,1,550,175423146,1080,02260A74BEAA0438,,,,,,,,,,,,,350000,,,,19990529,"US,US,graph,chart 11322"
2380,2,2,116,1,550,175434116,1080,02260A74E9840438,,,,,,,,,,,,,350000,,,,19990529,"US,US,graph,chart 11322"
2381,2,2,116,1,550,175434131,1080,02260A74E9930438,,,,,,,,,,,,,350000,,,,19990529,"US,US,graph,chart 11322"
2382,2,2,116,1,550,175434146,1080,02260A74E9A20438,,,,,,,,,,,,,350000,,,,19990529,"US,US,graph,chart 11322"
2383,2,2,116,1,550,175434162,1080,02260A74E9B20438,,,,,,,,,,,,,350000,,,,19990529,"US,US,graph,chart 11322"
2384,2,2,116,1,550,175434308,1080,02260A74EA440438,,,,,,,,,,,,,350000,,,,19990529,"US,US,graph,chart 11322"
2385,2,2,116,1,550,175434324,1080,02260A74EA540438,,,,,,,,,,,,,350000,,,,19990529,"US,US,graph,chart 11322"
2386,2,2,116,1,550,175434516,1080,02260A74EB140438,,,,,,,,,,,,,350000,,,,19990529,"US,US,graph,chart 11322"
2387,2,2,116,1,550,175434762,1080,02260A74EC0A0438,,,,,,,,,,,,,350000,,,,19990529,"US,US,graph,chart 11322"
2388,2,2,116,1,550,175434924,1080,02260A74ECAC0438,,,,,,,,,,,,,350000,,,,19990529,"US,US,graph,chart 11322"
2389,2,2,116,1,550,175434939,1080,02260A74ECBB0438,,,,,,,,,,,,,350000,,,,19990529,"US,US,graph,chart 11322"
2390,2,2,116,1,550,175434955,1080,02260A74ECCB0438,,,,,,,,,,,,,350000,,,,19990529,"US,US,graph,chart 11322"
2391,2,2,116,1,550,175434971,1080,02260A74ECDB0438,,,,,,,,,,,,,350000,,,,19990529,"US,US,graph,chart 11322"
2392,2,2,116,1,550,175434987,1080,02260A74ECEB0438,,,,,,,,,,,,,350000,,,,19990529,"US,US,graph,chart 11322"
2393,2,2,116,1,550,175435003,1080,02260A74ECFB0438,,,,,,,,,,,,,350000,,,,19990529,"US,US,graph,chart 11322"
2394,2,2,116,1,550,175435019,1080,02260A74ED0B0438,,,,,,,,,,,,,350000,,,,19990529,"US,US,graph,chart 11322"
2395,2,2,116,1,550,175435036,1080,02260A74ED1C0438,,,,,,,,,,,,,350000,,,,19990529,"US,US,graph,chart 11322"
2396,2,2,116,1,550,175435051,1080,02260A74ED2B0438,,,,,,,,,,,,,350000,,,,19990529,"US,US,graph,chart 11322"
2397,2,2,116,1,550,175435068,1080,02260A74ED3C0438,,,,,,,,,,,,,350000,,,,19990529,"US,US,graph,chart 11322"
2398,2,2,116,1,550,234640762,1133,02260DFC557A046D,,,,,,,,,,,,,350000,,,,19990529,"US,US,graph,chart 11322"
2399,2,2,116,1,550,175406812,1080,02260A747EDC0438,,,,,,,,,,,,,350000,,,,19990529,"US,US,graph,chart 11322"
2400,2,2,116,1,550,175406824,1080,02260A747EE80438,,,,,,,,,,,,,350000,,,,19990529,"US,US,graph,chart 11322"
2401,2,2,116,1,550,175406837,1080,02260A747EF50438,,,,,,,,,,,,,350000,,,,19990529,"US,US,graph,chart 11322"
2402,2,2,116,1,550,175406851,1080,02260A747F030438,,,,,,,,,,,,,350000,,,,19990529,"US,US,graph,chart 11322"
2403,2,2,116,1,550,175406863,1080,02260A747F0F0438,,,,,,,,,,,,,350000,,,,19990529,"US,US,graph,chart 11322"
2404,2,2,116,1,550,175406877,1080,02260A747F1D0438,,,,,,,,,,,,,350000,,,,19990529,"US,US,graph,chart 11322"
2405,2,2,116,1,550,175406891,1080,02260A747F2B0438,,,,,,,,,,,,,350000,,,,19990529,"US,US,graph,chart 11322"
2406,2,2,116,1,550,175406931,1080,02260A747F530438,,,,,,,,,,,,,350000,,,,19990529,"US,US,graph,chart 11322"
2407,2,2,116,1,550,175406945,1080,02260A747F610438,,,,,,,,,,,,,350000,,,,19990529,"US,US,graph,chart 11322"
2408,2,2,116,1,550,175406986,1080,02260A747F8A0438,,,,,,,,,,,,,350000,,,,19990529,"US,US,graph,chart 11322"
2409,2,2,116,1,550,175406999,1080,02260A747F970438,,,,,,,,,,,,,350000,,,,19990529,"US,US,graph,chart 11322"
2410,2,2,116,1,550,175407013,1080,02260A747FA50438,,,,,,,,,,,,,350000,,,,19990529,"US,US,graph,chart 11322"
2411,2,2,116,1,550,175407040,1080,02260A747FC00438,,,,,,,,,,,,,350000,,,,19990529,"US,US,graph,chart 11322"
2412,2,2,116,1,550,175407054,1080,02260A747FCE0438,,,,,,,,,,,,,350000,,,,19990529,"US,US,graph,chart 11322"
2413,2,2,116,1,550,175448196,1080,02260A7520840438,,,,,,,,,,,,,350000,,,,19990529,"US,US,graph,chart 11322"
2414,2,2,116,1,550,175448227,1080,02260A7520A30438,,,,,,,,,,,,,350000,,,,19990529,"US,US,graph,chart 11322"
2415,2,2,116,1,550,175448242,1080,02260A7520B20438,,,,,,,,,,,,,350000,,,,19990529,"US,US,graph,chart 11322"
2416,2,2,116,1,550,175448259,1080,02260A7520C30438,,,,,,,,,,,,,350000,,,,19990529,"US,US,graph,chart 11322"
2417,2,2,116,1,550,175448852,1080,02260A7523140438,,,,,,,,,,,,,350000,,,,19990529,"US,US,graph,chart 11322"
2418,2,2,116,1,550,175448866,1080,02260A7523220438,,,,,,,,,,,,,350000,,,,19990529,"US,US,graph,chart 11322"
2419,2,2,116,1,550,175448881,1080,02260A7523310438,,,,,,,,,,,,,350000,,,,19990529,"US,US,graph,chart 11322"
2420,2,2,116,1,550,175448914,1080,02260A7523520438,,,,,,,,,,,,,350000,,,,19990529,"US,US,graph,chart 11322"
2421,2,2,116,1,550,175448929,1080,02260A7523610438,,,,,,,,,,,,,350000,,,,19990529,"US,US,graph,chart 11322"
2422,2,2,116,1,550,234649751,1133,02260DFC7897046D,,,,,,,,,,,,,350000,,,,19990529,"US,US,graph,chart 11322"
2423,2,2,116,1,550,234649732,1133,02260DFC7884046D,,,,,,,36,,,,,,350000,,,,19990529,"US,US,graph,chart 11322"
2424,2,2,116,1,550,234666232,1133,02260DFCB8F8046D,,,,,,,,,,,,,350000,,,,19990529,"US,US,graph,chart 11322"
2425,2,2,116,1,550,175416574,1080,02260A74A4FE0438,,,,,,,,,,,,,350000,,,,19990529,"US,US,graph,chart 11322"
2426,2,2,116,1,550,175421859,1080,02260A74B9A30438,,,,,,,,,,,,,350000,,,,19990529,"US,US,graph,chart 11322"
2427,2,2,116,1,550,175421901,1080,02260A74B9CD0438,,,,,,,,,,,,,350000,,,,19990529,"US,US,graph,chart 11322"
2428,2,2,116,1,550,175421915,1080,02260A74B9DB0438,,,,,,,1495,,,,,,350000,,,,19990529,"US,US,graph,chart 11322"
2429,2,2,116,1,550,175421974,1080,02260A74BA160438,,,,,,,,,,,,,350000,,,,19990529,"US,US,graph,chart 11322"
2430,2,2,116,1,550,175421988,1080,02260A74BA240438,,,,,,,,,,,,,350000,,,,19990529,"US,US,graph,chart 11322"
2431,2,2,116,1,550,175422002,1080,02260A74BA320438,,,,,,,,,,,,,350000,,,,19990529,"US,US,graph,chart 11322"
2432,2,2,116,1,550,175422016,1080,02260A74BA400438,,,,,,,,,,,,,350000,,,,19990529,"US,US,graph,chart 11322"
2433,2,2,116,1,550,175422029,1080,02260A74BA4D0438,,,,,,,,,,,,,350000,,,,19990529,"US,US,graph,chart 11322"
2434,2,2,116,1,550,175422057,1080,02260A74BA690438,,,,,,,,,,,,,350000,,,,19990529,"US,US,graph,chart 11322"
2435,2,2,116,1,550,175422071,1080,02260A74BA770438,,,,,,,,,,,,,350000,,,,19990529,"US,US,graph,chart 11322"
2436,2,2,116,1,550,175422085,1080,02260A74BA850438,,,,,,,,,,,,,350000,,,,19990529,"US,US,graph,chart 11322"
2437,2,2,116,1,550,175422155,1080,02260A74BACB0438,,,,,,,1495,,,,,,350000,,,,19990529,"US,US,graph,chart 11322"
2438,2,2,116,1,550,175422169,1080,02260A74BAD90438,,,,,,,,,,,,,350000,,,,19990529,"US,US,graph,chart 11322"
2439,2,2,116,1,550,175422183,1080,02260A74BAE70438,,,,,,,,,,,,,350000,,,,19990529,"US,US,graph,chart 11322"
2440,2,2,116,1,550,175422198,1080,02260A74BAF60438,,,,,,,,,,,,,350000,,,,19990529,"US,US,graph,chart 11322"
2441,2,2,116,1,550,175422287,1080,02260A74BB4F0438,,,,,,,,,,,,,350000,,,,19990529,"US,US,graph,chart 11322"
2442,2,2,116,1,550,175422316,1080,02260A74BB6C0438,,,,,,,,,,,,,350000,,,,19990529,"US,US,graph,chart 11322"
2443,2,2,116,1,550,175422330,1080,02260A74BB7A0438,,,,,,,,,,,,,350000,,,,19990529,"US,US,graph,chart 11322"
2444,2,2,116,1,550,175422492,1080,02260A74BC1C0438,,,,,,,,,Road on levee,,,,350000,,,,19990529,"US,US,graph,chart 11322"
2445,2,2,116,1,550,175422614,1080,02260A74BC960438,,,,,,,,,,,,,350000,,,,19990529,"US,US,graph,chart 11322"
2446,2,2,116,1,550,175422642,1080,02260A74BCB20438,,,,,,,,,,,,,350000,,,,19990529,"US,US,graph,chart 11322"
2447,2,2,116,1,550,175422686,1080,02260A74BCDE0438,,,,,,,,,,,,,350000,,,,19990529,"US,US,graph,chart 11322"
2448,2,2,116,1,550,175422871,1080,02260A74BD970438,,,,,,,,,,,,,350000,,,,19990529,"US,US,graph,chart 11322"
2449,2,2,116,1,550,175422884,1080,02260A74BDA40438,,,,,,,,,,,,,350000,,,,19990529,"US,US,graph,chart 11322"
2450,2,2,116,1,550,175422898,1080,02260A74BDB20438,,,,,,,,,,,,,350000,,,,19990529,"US,US,graph,chart 11322"
2451,2,2,116,1,550,175422926,1080,02260A74BDCE0438,,,,,,,,,,,,,350000,,,,19990529,"US,US,graph,chart 11322"
2452,2,2,116,1,550,175422969,1080,02260A74BDF90438,,,,,,,,,Road levee,,,,350000,,,,19990529,"US,US,graph,chart 11322"
2453,2,2,116,1,550,175423014,1080,02260A74BE260438,,,,,,,,,,,,,350000,,,,19990529,"US,US,graph,chart 11322"
2454,2,2,116,1,550,175423262,1080,02260A74BF1E0438,,,,,,,,,,,,,350000,,,,19990529,"US,US,graph,chart 11322"
2455,2,2,116,1,550,175424065,1080,02260A74C2410438,,,,,,,,,,,,,350000,,,,19990529,"US,US,graph,chart 11322"
2456,2,2,116,1,550,175415893,1080,02260A74A2550438,,,,,,,,,,,,,350000,,,,19990529,"US,US,graph,chart 11322"
2457,2,2,116,1,550,175415909,1080,02260A74A2650438,,,,,,,,,,,,,350000,,,,19990529,"US,US,graph,chart 11322"
2458,2,2,116,1,550,175415923,1080,02260A74A2730438,,,,,,,,,,,,,350000,,,,19990529,"US,US,graph,chart 11322"
2459,2,2,116,1,550,175415984,1080,02260A74A2B00438,,,,,,,,,,,,,350000,,,,19990529,"US,US,graph,chart 11322"
2460,2,2,116,1,550,175416095,1080,02260A74A31F0438,,,,,,,,,,,,,350000,,,,19990529,"US,US,graph,chart 11322"
2461,2,2,116,1,550,175416129,1080,02260A74A3410438,,,,,,,,,,,,,350000,,,,19990529,"US,US,graph,chart 11322"
2462,2,2,116,1,550,175418377,1080,02260A74AC090438,,,,,,,,,,,,,350000,,,,19990529,"US,US,graph,chart 11322"
2463,2,2,116,1,550,175418392,1080,02260A74AC180438,,,,,,,,,,,,,350000,,,,19990529,"US,US,graph,chart 11322"
2464,2,2,116,1,550,175418407,1080,02260A74AC270438,,,,,,,,,,,,,350000,,,,19990529,"US,US,graph,chart 11322"
2465,2,2,116,1,550,175421831,1080,02260A74B9870438,,,,,,,,,,,,,350000,,,,19990529,"US,US,graph,chart 11322"
2466,2,2,116,1,550,175421845,1080,02260A74B9950438,,,,,,,,,,,,,350000,,,,19990529,"US,US,graph,chart 11322"
2467,2,2,116,1,550,175422114,1080,02260A74BAA20438,,,,,,,,,,,,,350000,,,,19990529,"US,US,graph,chart 11322"
2468,2,2,116,1,550,175422128,1080,02260A74BAB00438,,,,,,,,,,,,,350000,,,,19990529,"US,US,graph,chart 11322"
2469,2,2,116,1,550,175422142,1080,02260A74BABE0438,,,,,,,,,,,,,350000,,,,19990529,"US,US,graph,chart 11322"
2470,2,2,116,1,550,175422303,1080,02260A74BB5F0438,,,,,,,,,,,,,350000,,,,19990529,"US,US,graph,chart 11322"
2471,2,2,116,1,550,175437507,1080,02260A74F6C30438,,,,,,,,,,,,,350000,,,,19990529,"US,US,graph,chart 11322"
2472,2,2,116,1,550,175437523,1080,02260A74F6D30438,,,,,,,,,,,,,350000,,,,19990529,"US,US,graph,chart 11322"
2473,2,2,116,1,550,175437539,1080,02260A74F6E30438,,,,,,,,,,,,,350000,,,,19990529,"US,US,graph,chart 11322"
2474,2,2,116,1,550,175437555,1080,02260A74F6F30438,,,,,,,,,,,,,350000,,,,19990529,"US,US,graph,chart 11322"
2475,2,2,116,1,550,175437570,1080,02260A74F7020438,,,,,,,,,,,,,350000,,,,19990529,"US,US,graph,chart 11322"
2476,2,2,116,1,550,175437585,1080,02260A74F7110438,,,,,,,,,,,,,350000,,,,19990529,"US,US,graph,chart 11322"
2477,2,2,116,1,550,175437600,1080,02260A74F7200438,,,,,,,,,,,,,350000,,,,19990529,"US,US,graph,chart 11322"
2478,2,2,116,1,550,175437615,1080,02260A74F72F0438,,,,,,,,,,,,,350000,,,,19990529,"US,US,graph,chart 11322"
2479,2,2,116,1,550,175437645,1080,02260A74F74D0438,,,,,,,,,,,,,350000,,,,19990529,"US,US,graph,chart 11322"
2480,2,2,116,1,550,175447900,1080,02260A751F5C0438,,,,,,,,,,,,,350000,,,,19990529,"US,US,graph,chart 11322"
2481,2,2,116,1,550,175447916,1080,02260A751F6C0438,,,,,,,,,,,,,350000,,,,19990529,"US,US,graph,chart 11322"
2482,2,2,116,1,550,175447931,1080,02260A751F7B0438,,,,,,,,,,,,,350000,,,,19990529,"US,US,graph,chart 11322"
2483,2,2,116,1,550,175447946,1080,02260A751F8A0438,,,,,,,,,,,,,350000,,,,19990529,"US,US,graph,chart 11322"
2484,2,2,116,1,550,175448339,1080,02260A7521130438,,,,,,,,,,,,,350000,,,,19990529,"US,US,graph,chart 11322"
2485,2,2,116,1,550,175448355,1080,02260A7521230438,,,,,,,,,,,,,350000,,,,19990529,"US,US,graph,chart 11322"
2486,2,2,116,1,550,175448370,1080,02260A7521320438,,,,,,,,,,,,,350000,,,,19990529,"US,US,graph,chart 11322"
2487,2,2,116,1,550,175404424,1080,02260A7475880438,,,,,,,,,,,,,350000,,,,19990529,"US,US,graph,chart 11322"
2488,2,2,116,1,550,175404437,1080,02260A7475950438,,,,,,,,,,,,,350000,,,,19990529,"US,US,graph,chart 11322"
2489,2,2,116,1,550,175404463,1080,02260A7475AF0438,,,,,,,,,,,,,350000,,,,19990529,"US,US,graph,chart 11322"
2490,2,2,116,1,550,175404476,1080,02260A7475BC0438,,,,,,,,,,,,,350000,,,,19990529,"US,US,graph,chart 11322"
2491,2,2,116,1,550,175404489,1080,02260A7475C90438,,,,,,,,,,,,,350000,,,,19990529,"US,US,graph,chart 11322"
2492,2,2,116,1,550,175404503,1080,02260A7475D70438,,,,,,,,,,,,,350000,,,,19990529,"US,US,graph,chart 11322"
2493,2,2,116,1,550,175404517,1080,02260A7475E50438,,,,,,,,,,,,,350000,,,,19990529,"US,US,graph,chart 11322"
2494,2,2,116,1,550,175404542,1080,02260A7475FE0438,,,,,,,,,,,,,350000,,,,19990529,"US,US,graph,chart 11322"
2495,2,2,116,1,550,175404555,1080,02260A74760B0438,,,,,,,,,,,,,350000,,,,19990529,"US,US,graph,chart 11322"
2496,2,2,116,1,550,175404568,1080,02260A7476180438,,,,,,,,,,,,,350000,,,,19990529,"US,US,graph,chart 11322"
2497,2,2,116,1,550,175404593,1080,02260A7476310438,,,,,,,,,,,,,350000,,,,19990529,"US,US,graph,chart 11322"
2498,2,2,116,1,550,175404606,1080,02260A74763E0438,,,,,,,,,,,,,350000,,,,19990529,"US,US,graph,chart 11322"
2499,2,2,116,1,550,175404632,1080,02260A7476580438,,,,,,,,,,,,,350000,,,,19990529,"US,US,graph,chart 11322"
2500,2,2,116,1,550,175404645,1080,02260A7476650438,,,,,,,,,,,,,350000,,,,19990529,"US,US,graph,chart 11322"
2501,2,2,116,1,550,175404684,1080,02260A74768C0438,,,,,,,,,,,,,350000,,,,19990529,"US,US,graph,chart 11322"
2502,2,2,116,1,550,175404737,1080,02260A7476C10438,,,,,,,,,,,,,350000,,,,19990529,"US,US,graph,chart 11322"
2503,2,2,116,1,550,175404778,1080,02260A7476EA0438,,,,,,,,,,,,,350000,,,,19990529,"US,US,graph,chart 11322"
2504,2,2,116,1,550,175404805,1080,02260A7477050438,,,,,,,,,,,,,350000,,,,19990529,"US,US,graph,chart 11322"
2505,2,2,116,1,550,175404818,1080,02260A7477120438,,,,,,,,,,,,,350000,,,,19990529,"US,US,graph,chart 11322"
2506,2,2,116,1,550,175404831,1080,02260A74771F0438,,,,,,,,,,,,,350000,,,,19990529,"US,US,graph,chart 11322"
2507,2,2,116,1,550,175404858,1080,02260A74773A0438,,,,,,,,,,,,,350000,,,,19990529,"US,US,graph,chart 11322"
2508,2,2,116,1,550,175404871,1080,02260A7477470438,,,,,,,,,,,,,350000,,,,19990529,"US,US,graph,chart 11322"
2509,2,2,116,1,550,175404885,1080,02260A7477550438,,,,,,,,,,,,,350000,,,,19990529,"US,US,graph,chart 11322"
2510,2,2,116,1,550,175404899,1080,02260A7477630438,,,,,,,,,,,,,350000,,,,19990529,"US,US,graph,chart 11322"
2511,2,2,116,1,550,175404937,1080,02260A7477890438,,,,,,,,,,,,,350000,,,,19990529,"US,US,graph,chart 11322"
2512,2,2,116,1,550,175404951,1080,02260A7477970438,,,,,,,,,,,,,350000,,,,19990529,"US,US,graph,chart 11322"
2513,2,2,116,1,550,175404963,1080,02260A7477A30438,,,,,,,,,,,,,350000,,,,19990529,"US,US,graph,chart 11322"
2514,2,2,116,1,550,175404977,1080,02260A7477B10438,,,,,,,,,,,,,350000,,,,19990529,"US,US,graph,chart 11322"
2515,2,2,116,1,550,175404991,1080,02260A7477BF0438,,,,,,,,,,,,,350000,,,,19990529,"US,US,graph,chart 11322"
2516,2,2,116,1,550,175405004,1080,02260A7477CC0438,,,,,,,,,,,,,350000,,,,19990529,"US,US,graph,chart 11322"
2517,2,2,116,1,550,175405016,1080,02260A7477D80438,,,,,,,,,,,,,350000,,,,19990529,"US,US,graph,chart 11322"
2518,2,2,116,1,550,175405029,1080,02260A7477E50438,,,,,,,,,,,,,350000,,,,19990529,"US,US,graph,chart 11322"
2519,2,2,116,1,550,175405055,1080,02260A7477FF0438,,,,,,,,,,,,,350000,,,,19990529,"US,US,graph,chart 11322"
2520,2,2,116,1,550,175405068,1080,02260A74780C0438,,,,,,,,,,,,,350000,,,,19990529,"US,US,graph,chart 11322"
2521,2,2,116,1,550,175405081,1080,02260A7478190438,,,,,,,,,,,,,350000,,,,19990529,"US,US,graph,chart 11322"
2522,2,2,116,1,550,175405108,1080,02260A7478340438,,,,,,,,,,,,,350000,,,,19990529,"US,US,graph,chart 11322"
2523,2,2,116,1,550,175405121,1080,02260A7478410438,,,,,,,,,,,,,350000,,,,19990529,"US,US,graph,chart 11322"
2524,2,2,116,1,550,175405135,1080,02260A74784F0438,,,,,,,,,,,,,350000,,,,19990529,"US,US,graph,chart 11322"
2525,2,2,116,1,550,175405147,1080,02260A74785B0438,,,,,,,,,,,,,350000,,,,19990529,"US,US,graph,chart 11322"
2526,2,2,116,1,550,175405175,1080,02260A7478770438,,,,,,,,,,,,,350000,,,,19990529,"US,US,graph,chart 11322"
2527,2,2,116,1,550,175405201,1080,02260A7478910438,,,,,,,,,,,,,350000,,,,19990529,"US,US,graph,chart 11322"
2528,2,2,116,1,550,175405215,1080,02260A74789F0438,,,,,,,,,,,,,350000,,,,19990529,"US,US,graph,chart 11322"
2529,2,2,116,1,550,175405242,1080,02260A7478BA0438,,,,,,,,,,,,,350000,,,,19990529,"US,US,graph,chart 11322"
2530,2,2,116,1,550,175405256,1080,02260A7478C80438,,,,,,,,,,,,,350000,,,,19990529,"US,US,graph,chart 11322"
2531,2,2,116,1,550,175405296,1080,02260A7478F00438,,,,,,,,,,,,,350000,,,,19990529,"US,US,graph,chart 11322"
2532,2,2,116,1,550,175405350,1080,02260A7479260438,,,,,,,,,,,,,350000,,,,19990529,"US,US,graph,chart 11322"
2533,2,2,116,1,550,175405362,1080,02260A7479320438,,,,,,,,,,,,,350000,,,,19990529,"US,US,graph,chart 11322"
2534,2,2,116,1,550,175405375,1080,02260A74793F0438,,,,,,,,,,,,,350000,,,,19990529,"US,US,graph,chart 11322"
2535,2,2,116,1,550,175405389,1080,02260A74794D0438,,,,,,,,,,,,,350000,,,,19990529,"US,US,graph,chart 11322"
2536,2,2,116,1,550,175405401,1080,02260A7479590438,,,,,,,,,,,,,350000,,,,19990529,"US,US,graph,chart 11322"
2537,2,2,116,1,550,175405415,1080,02260A7479670438,,,,,,,,,,,,,350000,,,,19990529,"US,US,graph,chart 11322"
2538,2,2,116,1,550,175405429,1080,02260A7479750438,,,,,,,,,,,,,350000,,,,19990529,"US,US,graph,chart 11322"
2539,2,2,116,1,550,175405443,1080,02260A7479830438,,,,,,,,,,,,,350000,,,,19990529,"US,US,graph,chart 11322"
2540,2,2,116,1,550,175405457,1080,02260A7479910438,,,,,,,,,,,,,350000,,,,19990529,"US,US,graph,chart 11322"
2541,2,2,116,1,550,175405470,1080,02260A74799E0438,,,,,,,,,,,,,350000,,,,19990529,"US,US,graph,chart 11322"
2542,2,2,116,1,550,175405484,1080,02260A7479AC0438,,,,,,,,,,,,,350000,,,,19990529,"US,US,graph,chart 11322"
2543,2,2,116,1,550,175405497,1080,02260A7479B90438,,,,,,,,,,,,,350000,,,,19990529,"US,US,graph,chart 11322"
2544,2,2,116,1,550,175405511,1080,02260A7479C70438,,,,,,,,,,,,,350000,,,,19990529,"US,US,graph,chart 11322"
2545,2,2,116,1,550,175405523,1080,02260A7479D30438,,,,,,,288,,,,,,350000,,,,19990529,"US,US,graph,chart 11322"
2546,2,2,116,1,550,175405551,1080,02260A7479EF0438,,,,,,,,,,,,,350000,,,,19990529,"US,US,graph,chart 11322"
2547,2,2,116,1,550,175405564,1080,02260A7479FC0438,,,,,,,288,,,,,,350000,,,,19990529,"US,US,graph,chart 11322"
2548,2,2,116,1,550,175405577,1080,02260A747A090438,,,,,,,,,,,,,350000,,,,19990529,"US,US,graph,chart 11322"
2549,2,2,116,1,550,175405590,1080,02260A747A160438,,,,,,,,,,,,,350000,,,,19990529,"US,US,graph,chart 11322"
2550,2,2,116,1,550,175405617,1080,02260A747A310438,,,,,,,,,,,,,350000,,,,19990529,"US,US,graph,chart 11322"
2551,2,2,116,1,550,175405629,1080,02260A747A3D0438,,,,,,,,,,,,,350000,,,,19990529,"US,US,graph,chart 11322"
2552,2,2,116,1,550,175405642,1080,02260A747A4A0438,,,,,,,,,,,,,350000,,,,19990529,"US,US,graph,chart 11322"
2553,2,2,116,1,550,175405668,1080,02260A747A640438,,,,,,,,,,,,,350000,,,,19990529,"US,US,graph,chart 11322"
2554,2,2,116,1,550,175405682,1080,02260A747A720438,,,,,,,,,,,,,350000,,,,19990529,"US,US,graph,chart 11322"
2555,2,2,116,1,550,175405696,1080,02260A747A800438,,,,,,,,,,,,,350000,,,,19990529,"US,US,graph,chart 11322"
2556,2,2,116,1,550,175405708,1080,02260A747A8C0438,,,,,,,,,,,,,350000,,,,19990529,"US,US,graph,chart 11322"
2557,2,2,116,1,550,175405722,1080,02260A747A9A0438,,,,,,,,,,,,,350000,,,,19990529,"US,US,graph,chart 11322"
2558,2,2,116,1,550,175405735,1080,02260A747AA70438,,,,,,,,,,,,,350000,,,,19990529,"US,US,graph,chart 11322"
2559,2,2,116,1,550,175405748,1080,02260A747AB40438,,,,,,,,,,,,,350000,,,,19990529,"US,US,graph,chart 11322"
2560,2,2,116,1,550,175405775,1080,02260A747ACF0438,,,,,,,,,,,,,350000,,,,19990529,"US,US,graph,chart 11322"
2561,2,2,116,1,550,175405789,1080,02260A747ADD0438,,,,,,,,,,,,,350000,,,,19990529,"US,US,graph,chart 11322"
2562,2,2,116,1,550,175405803,1080,02260A747AEB0438,,,,,,,,,,,,,350000,,,,19990529,"US,US,graph,chart 11322"
2563,2,2,116,1,550,175405816,1080,02260A747AF80438,,,,,,,,,,,,,350000,,,,19990529,"US,US,graph,chart 11322"
2564,2,2,116,1,550,175405830,1080,02260A747B060438,,,,,,,,,,,,,350000,,,,19990529,"US,US,graph,chart 11322"
2565,2,2,116,1,550,175405858,1080,02260A747B220438,,,,,,,288,,,,,,350000,,,,19990529,"US,US,graph,chart 11322"
2566,2,2,116,1,550,175405908,1080,02260A747B540438,,,,,,,,,,,,,350000,,,,19990529,"US,US,graph,chart 11322"
2567,2,2,116,1,550,175405922,1080,02260A747B620438,,,,,,,,,,,,,350000,,,,19990529,"US,US,graph,chart 11322"
2568,2,2,116,1,550,175405936,1080,02260A747B700438,,,,,,,,,,,,,350000,,,,19990529,"US,US,graph,chart 11322"
2569,2,2,116,1,550,175405950,1080,02260A747B7E0438,,,,,,,,,,,,,350000,,,,19990529,"US,US,graph,chart 11322"
2570,2,2,116,1,550,175405964,1080,02260A747B8C0438,,,,,,,,,,,,,350000,,,,19990529,"US,US,graph,chart 11322"
2571,2,2,116,1,550,175405989,1080,02260A747BA50438,,,,,,,,,,,,,350000,,,,19990529,"US,US,graph,chart 11322"
2572,2,2,116,1,550,175406003,1080,02260A747BB30438,,,,,,,,,,,,,350000,,,,19990529,"US,US,graph,chart 11322"
2573,2,2,116,1,550,175406015,1080,02260A747BBF0438,,,,,,,,,,,,,350000,,,,19990529,"US,US,graph,chart 11322"
2574,2,2,116,1,550,175406028,1080,02260A747BCC0438,,,,,,,,,,,,,350000,,,,19990529,"US,US,graph,chart 11322"
2575,2,2,116,1,550,175406041,1080,02260A747BD90438,,,,,,,,,,,,,350000,,,,19990529,"US,US,graph,chart 11322"
2576,2,2,116,1,550,175406054,1080,02260A747BE60438,,,,,,,,,,,,,350000,,,,19990529,"US,US,graph,chart 11322"
2577,2,2,116,1,550,175406067,1080,02260A747BF30438,,,,,,,,,,,,,350000,,,,19990529,"US,US,graph,chart 11322"
2578,2,2,116,1,550,175406081,1080,02260A747C010438,,,,,,,,,,,,,350000,,,,19990529,"US,US,graph,chart 11322"
2579,2,2,116,1,550,175406095,1080,02260A747C0F0438,,,,,,,,,,,,,350000,,,,19990529,"US,US,graph,chart 11322"
2580,2,2,116,1,550,175406109,1080,02260A747C1D0438,,,,,,,,,,,,,350000,,,,19990529,"US,US,graph,chart 11322"
2581,2,2,116,1,550,175406122,1080,02260A747C2A0438,,,,,,,,,,,,,350000,,,,19990529,"US,US,graph,chart 11322"
2582,2,2,116,1,550,175406135,1080,02260A747C370438,,,,,,,,,,,,,350000,,,,19990529,"US,US,graph,chart 11322"
2583,2,2,116,1,550,175406148,1080,02260A747C440438,,,,,,,,,,,,,350000,,,,19990529,"US,US,graph,chart 11322"
2584,2,2,116,1,550,175406161,1080,02260A747C510438,,,,,,,,,,,,,350000,,,,19990529,"US,US,graph,chart 11322"
2585,2,2,116,1,550,175406173,1080,02260A747C5D0438,,,,,,,,,,,,,350000,,,,19990529,"US,US,graph,chart 11322"
2586,2,2,116,1,550,175406186,1080,02260A747C6A0438,,,,,,,,,,,,,350000,,,,19990529,"US,US,graph,chart 11322"
2587,2,2,116,1,550,175406199,1080,02260A747C770438,,,,,,,,,,,,,350000,,,,19990529,"US,US,graph,chart 11322"
2588,2,2,116,1,550,175406212,1080,02260A747C840438,,,,,,,,,,,,,350000,,,,19990529,"US,US,graph,chart 11322"
2589,2,2,116,1,550,175406226,1080,02260A747C920438,,,,,,,,,,,,,350000,,,,19990529,"US,US,graph,chart 11322"
2590,2,2,116,1,550,175406240,1080,02260A747CA00438,,,,,,,,,,,,,350000,,,,19990529,"US,US,graph,chart 11322"
2591,2,2,116,1,550,175406252,1080,02260A747CAC0438,,,,,,,,,,,,,350000,,,,19990529,"US,US,graph,chart 11322"
2592,2,2,116,1,550,175406266,1080,02260A747CBA0438,,,,,,,,,,,,,350000,,,,19990529,"US,US,graph,chart 11322"
2593,2,2,116,1,550,175406279,1080,02260A747CC70438,,,,,,,,,,,,,350000,,,,19990529,"US,US,graph,chart 11322"
2594,2,2,116,1,550,175406292,1080,02260A747CD40438,,,,,,,,,,,,,350000,,,,19990529,"US,US,graph,chart 11322"
2595,2,2,116,1,550,175406305,1080,02260A747CE10438,,,,,,,,,,,,,350000,,,,19990529,"US,US,graph,chart 11322"
2596,2,2,116,1,550,175406330,1080,02260A747CFA0438,,,,,,,,,,,,,350000,,,,19990529,"US,US,graph,chart 11322"
2597,2,2,116,1,550,175406344,1080,02260A747D080438,,,,,,,,,,,,,350000,,,,19990529,"US,US,graph,chart 11322"
2598,2,2,116,1,550,175406357,1080,02260A747D150438,,,,,,,,,,,,,350000,,,,19990529,"US,US,graph,chart 11322"
2599,2,2,116,1,550,175406370,1080,02260A747D220438,,,,,,,,,,,,,350000,,,,19990529,"US,US,graph,chart 11322"
2600,2,2,116,1,550,175406383,1080,02260A747D2F0438,,,,,,,,,,,,,350000,,,,19990529,"US,US,graph,chart 11322"
2601,2,2,116,1,550,175406395,1080,02260A747D3B0438,,,,,,,,,,,,,350000,,,,19990529,"US,US,graph,chart 11322"
2602,2,2,116,1,550,175406449,1080,02260A747D710438,,,,,,,,,,,,,350000,,,,19990529,"US,US,graph,chart 11322"
2603,2,2,116,1,550,175406552,1080,02260A747DD80438,,,,,,,,,,,,,350000,,,,19990529,"US,US,graph,chart 11322"
2604,2,2,116,1,550,175406564,1080,02260A747DE40438,,,,,,,,,,,,,350000,,,,19990529,"US,US,graph,chart 11322"
2605,2,2,116,1,550,175406577,1080,02260A747DF10438,,,,,,,,,,,,,350000,,,,19990529,"US,US,graph,chart 11322"
2606,2,2,116,1,550,175406590,1080,02260A747DFE0438,,,,,,,,,,,,,350000,,,,19990529,"US,US,graph,chart 11322"
2607,2,2,116,1,550,175406602,1080,02260A747E0A0438,,,,,,,,,,,,,350000,,,,19990529,"US,US,graph,chart 11322"
2608,2,2,116,1,550,175406615,1080,02260A747E170438,,,,,,,,,,,,,350000,,,,19990529,"US,US,graph,chart 11322"
2609,2,2,116,1,550,175406760,1080,02260A747EA80438,,,,,,,,,,,,,350000,,,,19990529,"US,US,graph,chart 11322"
2610,2,2,116,1,550,175406973,1080,02260A747F7D0438,,,,,,,,,,,,,350000,,,,19990529,"US,US,graph,chart 11322"
2611,2,2,116,1,550,175407248,1080,02260A7480900438,,,,,,,,,,,,,350000,,,,19990529,"US,US,graph,chart 11322"
2612,2,2,116,1,550,175407275,1080,02260A7480AB0438,,,,,,,,,,,,,350000,,,,19990529,"US,US,graph,chart 11322"
2613,2,2,116,1,550,175407302,1080,02260A7480C60438,,,,,,,,,,,,,350000,,,,19990529,"US,US,graph,chart 11322"
2614,2,2,116,1,550,175407344,1080,02260A7480F00438,,,,,,,,,,,,,350000,,,,19990529,"US,US,graph,chart 11322"
2615,2,2,116,1,550,175407357,1080,02260A7480FD0438,,,,,,,,,,,,,350000,,,,19990529,"US,US,graph,chart 11322"
2616,2,2,116,1,550,175407369,1080,02260A7481090438,,,,,,,,,,,,,350000,,,,19990529,"US,US,graph,chart 11322"
2617,2,2,116,1,550,175407382,1080,02260A7481160438,,,,,,,,,,,,,350000,,,,19990529,"US,US,graph,chart 11322"
2618,2,2,116,1,550,175407396,1080,02260A7481240438,,,,,,,,,,,,,350000,,,,19990529,"US,US,graph,chart 11322"
2619,2,2,116,1,550,175407410,1080,02260A7481320438,,,,,,,,,,,,,350000,,,,19990529,"US,US,graph,chart 11322"
2620,2,2,116,1,550,175407423,1080,02260A74813F0438,,,,,,,,,,,,,350000,,,,19990529,"US,US,graph,chart 11322"
2621,2,2,116,1,550,175407437,1080,02260A74814D0438,,,,,,,,,,,,,350000,,,,19990529,"US,US,graph,chart 11322"
2622,2,2,116,1,550,175407464,1080,02260A7481680438,,,,,,,,,,,,,350000,,,,19990529,"US,US,graph,chart 11322"
2623,2,2,116,1,550,175407478,1080,02260A7481760438,,,,,,,,,,,,,350000,,,,19990529,"US,US,graph,chart 11322"
2624,2,2,116,1,550,175407506,1080,02260A7481920438,,,,,,,,,,,,,350000,,,,19990529,"US,US,graph,chart 11322"
2625,2,2,116,1,550,175407575,1080,02260A7481D70438,,,,,,,,,,,,,350000,,,,19990529,"US,US,graph,chart 11322"
2626,2,2,116,1,550,175407587,1080,02260A7481E30438,,,,,,,,,,,,,350000,,,,19990529,"US,US,graph,chart 11322"
2627,2,2,116,1,550,175407600,1080,02260A7481F00438,,,,,,,,,,,,,350000,,,,19990529,"US,US,graph,chart 11322"
2628,2,2,116,1,550,175407627,1080,02260A74820B0438,,,,,,,,,,,,,350000,,,,19990529,"US,US,graph,chart 11322"
2629,2,2,116,1,550,175407682,1080,02260A7482420438,,,,,,,,,,,,,350000,,,,19990529,"US,US,graph,chart 11322"
2630,2,2,116,1,550,175407724,1080,02260A74826C0438,,,,,,,,,,,,,350000,,,,19990529,"US,US,graph,chart 11322"
2631,2,2,116,1,550,175407940,1080,02260A7483440438,,,,,,,,,,,,,350000,,,,19990529,"US,US,graph,chart 11322"
2632,2,2,116,1,550,175408006,1080,02260A7483860438,,,,,,,,,,,,,350000,,,,19990529,"US,US,graph,chart 11322"
2633,2,2,116,1,550,175408019,1080,02260A7483930438,,,,,,,,,,,,,350000,,,,19990529,"US,US,graph,chart 11322"
2634,2,2,116,1,550,175408033,1080,02260A7483A10438,,,,,,,,,,,,,350000,,,,19990529,"US,US,graph,chart 11322"
2635,2,2,116,1,550,175408045,1080,02260A7483AD0438,,,,,,,,,,,,,350000,,,,19990529,"US,US,graph,chart 11322"
2636,2,2,116,1,550,175408059,1080,02260A7483BB0438,,,,,,,,,,,,,350000,,,,19990529,"US,US,graph,chart 11322"
2637,2,2,116,1,550,175408087,1080,02260A7483D70438,,,,,,,,,,,,,350000,,,,19990529,"US,US,graph,chart 11322"
2638,2,2,116,1,550,175408114,1080,02260A7483F20438,,,,,,,,,,,,,350000,,,,19990529,"US,US,graph,chart 11322"
2639,2,2,116,1,550,175408142,1080,02260A74840E0438,,,,,,,,,,,,,350000,,,,19990529,"US,US,graph,chart 11322"
2640,2,2,116,1,550,175408197,1080,02260A7484450438,,,,,,,,,,,,,350000,,,,19990529,"US,US,graph,chart 11322"
2641,2,2,116,1,550,175408211,1080,02260A7484530438,,,,,,,,,,,,,350000,,,,19990529,"US,US,graph,chart 11322"
2642,2,2,116,1,550,175408223,1080,02260A74845F0438,,,,,,,,,,,,,350000,,,,19990529,"US,US,graph,chart 11322"
2643,2,2,116,1,550,175408237,1080,02260A74846D0438,,,,,,,,,,,,,350000,,,,19990529,"US,US,graph,chart 11322"
2644,2,2,116,1,550,175408266,1080,02260A74848A0438,,,,,,,,,,,,,350000,,,,19990529,"US,US,graph,chart 11322"
2645,2,2,116,1,550,175408278,1080,02260A7484960438,,,,,,,,,,,,,350000,,,,19990529,"US,US,graph,chart 11322"
2646,2,2,116,1,550,175408291,1080,02260A7484A30438,,,,,,,,,,,,,350000,,,,19990529,"US,US,graph,chart 11322"
2647,2,2,116,1,550,175408305,1080,02260A7484B10438,,,,,,,,,,,,,350000,,,,19990529,"US,US,graph,chart 11322"
2648,2,2,116,1,550,175408318,1080,02260A7484BE0438,,,,,,,,,,,,,350000,,,,19990529,"US,US,graph,chart 11322"
2649,2,2,116,1,550,175414034,1080,02260A749B120438,,,,,,,,,Road on levee,,,,350000,,,,19990529,"US,US,graph,chart 11322"
2650,2,2,116,1,550,175414062,1080,02260A749B2E0438,,,,,,,,,,,,,350000,,,,19990529,"US,US,graph,chart 11322"
2651,2,2,116,1,550,175414092,1080,02260A749B4C0438,,,,,,,,,,,,,350000,,,,19990529,"US,US,graph,chart 11322"
2652,2,2,116,1,550,175414107,1080,02260A749B5B0438,,,,,,,,,,,,,350000,,,,19990529,"US,US,graph,chart 11322"
2653,2,2,116,1,550,175414122,1080,02260A749B6A0438,,,,,,,,,,,,,350000,,,,19990529,"US,US,graph,chart 11322"
2654,2,2,116,1,550,175414139,1080,02260A749B7B0438,,,,,,,,,,,,,350000,,,,19990529,"US,US,graph,chart 11322"
2655,2,2,116,1,550,175414155,1080,02260A749B8B0438,,,,,,,,,,,,,350000,,,,19990529,"US,US,graph,chart 11322"
2656,2,2,116,1,550,175414182,1080,02260A749BA60438,,,,,,,,,,,,,350000,,,,19990529,"US,US,graph,chart 11322"
2657,2,2,116,1,550,175414197,1080,02260A749BB50438,,,,,,,,,,,,,350000,,,,19990529,"US,US,graph,chart 11322"
2658,2,2,116,1,550,175414274,1080,02260A749C020438,,,,,,,,,,,,,350000,,,,19990529,"US,US,graph,chart 11322"
2659,2,2,116,1,550,175414290,1080,02260A749C120438,,,,,,,,,,,,,350000,,,,19990529,"US,US,graph,chart 11322"
2660,2,2,116,1,550,175414336,1080,02260A749C400438,,,,,,,,,,,,,350000,,,,19990529,"US,US,graph,chart 11322"
2661,2,2,116,1,550,175414354,1080,02260A749C520438,,,,,,,,,,,,,350000,,,,19990529,"US,US,graph,chart 11322"
2662,2,2,116,1,550,175414384,1080,02260A749C700438,,,,,,,,,,,,,350000,,,,19990529,"US,US,graph,chart 11322"
2663,2,2,116,1,550,175414399,1080,02260A749C7F0438,,,,,,,,,,,,,350000,,,,19990529,"US,US,graph,chart 11322"
2664,2,2,116,1,550,175414414,1080,02260A749C8E0438,,,,,,,,,,,,,350000,,,,19990529,"US,US,graph,chart 11322"
2665,2,2,116,1,550,175414430,1080,02260A749C9E0438,,,,,,,,,,,,,350000,,,,19990529,"US,US,graph,chart 11322"
2666,2,2,116,1,550,175414445,1080,02260A749CAD0438,,,,,,,,,,,,,350000,,,,19990529,"US,US,graph,chart 11322"
2667,2,2,116,1,550,175414458,1080,02260A749CBA0438,,,,,,,,,,,,,350000,,,,19990529,"US,US,graph,chart 11322"
2668,2,2,116,1,550,175414487,1080,02260A749CD70438,,,,,,,,,,,,,350000,,,,19990529,"US,US,graph,chart 11322"
2669,2,2,116,1,550,175414515,1080,02260A749CF30438,,,,,,,,,,,,,350000,,,,19990529,"US,US,graph,chart 11322"
2670,2,2,116,1,550,175414543,1080,02260A749D0F0438,,,,,,,,,,,,,350000,,,,19990529,"US,US,graph,chart 11322"
2671,2,2,116,1,550,175414558,1080,02260A749D1E0438,,,,,,,,,,,,,350000,,,,19990529,"US,US,graph,chart 11322"
2672,2,2,116,1,550,175414647,1080,02260A749D770438,,,,,,,,,,,,,350000,,,,19990529,"US,US,graph,chart 11322"
2673,2,2,116,1,550,175414671,1080,02260A749D8F0438,,,,,,,,,,,,,350000,,,,19990529,"US,US,graph,chart 11322"
2674,2,2,116,1,550,175414700,1080,02260A749DAC0438,,,,,,,,,,,,,350000,,,,19990529,"US,US,graph,chart 11322"
2675,2,2,116,1,550,175414714,1080,02260A749DBA0438,,,,,,,,,,,,,350000,,,,19990529,"US,US,graph,chart 11322"
2676,2,2,116,1,550,175414728,1080,02260A749DC80438,,,,,,,,,,,,,350000,,,,19990529,"US,US,graph,chart 11322"
2677,2,2,116,1,550,175414743,1080,02260A749DD70438,,,,,,,,,,,,,350000,,,,19990529,"US,US,graph,chart 11322"
2678,2,2,116,1,550,175414759,1080,02260A749DE70438,,,,,,,,,,,,,350000,,,,19990529,"US,US,graph,chart 11322"
2679,2,2,116,1,550,175414805,1080,02260A749E150438,,,,,,,,,,,,,350000,,,,19990529,"US,US,graph,chart 11322"
2680,2,2,116,1,550,175414820,1080,02260A749E240438,,,,,,,,,,,,,350000,,,,19990529,"US,US,graph,chart 11322"
2681,2,2,116,1,550,175414836,1080,02260A749E340438,,,,,,,,,,,,,350000,,,,19990529,"US,US,graph,chart 11322"
2682,2,2,116,1,550,175414850,1080,02260A749E420438,,,,,,,,,,,,,350000,,,,19990529,"US,US,graph,chart 11322"
2683,2,2,116,1,550,175414865,1080,02260A749E510438,,,,,,,,,,,,,350000,,,,19990529,"US,US,graph,chart 11322"
2684,2,2,116,1,550,175414882,1080,02260A749E620438,,,,,,,288,,,,,,350000,,,,19990529,"US,US,graph,chart 11322"
2685,2,2,116,1,550,175414897,1080,02260A749E710438,,,,,,,,,,,,,350000,,,,19990529,"US,US,graph,chart 11322"
2686,2,2,116,1,550,175414911,1080,02260A749E7F0438,,,,,,,,,,,,,350000,,,,19990529,"US,US,graph,chart 11322"
2687,2,2,116,1,550,175414926,1080,02260A749E8E0438,,,,,,,,,,,,,350000,,,,19990529,"US,US,graph,chart 11322"
2688,2,2,116,1,550,175414942,1080,02260A749E9E0438,,,,,,,,,,,,,350000,,,,19990529,"US,US,graph,chart 11322"
2689,2,2,116,1,550,175414957,1080,02260A749EAD0438,,,,,,,,,,,,,350000,,,,19990529,"US,US,graph,chart 11322"
2690,2,2,116,1,550,175414972,1080,02260A749EBC0438,,,,,,,,,,,,,350000,,,,19990529,"US,US,graph,chart 11322"
2691,2,2,116,1,550,175414987,1080,02260A749ECB0438,,,,,,,,,,,,,350000,,,,19990529,"US,US,graph,chart 11322"
2692,2,2,116,1,550,175415002,1080,02260A749EDA0438,,,,,,,,,,,,,350000,,,,19990529,"US,US,graph,chart 11322"
2693,2,2,116,1,550,175415016,1080,02260A749EE80438,,,,,,,,,,,,,350000,,,,19990529,"US,US,graph,chart 11322"
2694,2,2,116,1,550,175415032,1080,02260A749EF80438,,,,,,,,,,,,,350000,,,,19990529,"US,US,graph,chart 11322"
2695,2,2,116,1,550,175415062,1080,02260A749F160438,,,,,,,,,,,,,350000,,,,19990529,"US,US,graph,chart 11322"
2696,2,2,116,1,550,175415077,1080,02260A749F250438,,,,,,,,,,,,,350000,,,,19990529,"US,US,graph,chart 11322"
2697,2,2,116,1,550,175415093,1080,02260A749F350438,,,,,,,,,,,,,350000,,,,19990529,"US,US,graph,chart 11322"
2698,2,2,116,1,550,175415107,1080,02260A749F430438,,,,,,,,,,,,,350000,,,,19990529,"US,US,graph,chart 11322"
2699,2,2,116,1,550,175415122,1080,02260A749F520438,,,,,,,,,,,,,350000,,,,19990529,"US,US,graph,chart 11322"
2700,2,2,116,1,550,175415137,1080,02260A749F610438,,,,,,,,,,,,,350000,,,,19990529,"US,US,graph,chart 11322"
2701,2,2,116,1,550,175415152,1080,02260A749F700438,,,,,,,,,,,,,350000,,,,19990529,"US,US,graph,chart 11322"
2702,2,2,116,1,550,175415196,1080,02260A749F9C0438,,,,,,,,,,,,,350000,,,,19990529,"US,US,graph,chart 11322"
2703,2,2,116,1,550,175415225,1080,02260A749FB90438,,,,,,,,,,,,,350000,,,,19990529,"US,US,graph,chart 11322"
2704,2,2,116,1,550,175416307,1080,02260A74A3F30438,,,,,,,,,,,,,350000,,,,19990529,"US,US,graph,chart 11322"
2705,2,2,116,1,550,175416321,1080,02260A74A4010438,,,,,,,,,,,,,350000,,,,19990529,"US,US,graph,chart 11322"
2706,2,2,116,1,550,175416364,1080,02260A74A42C0438,,,,,,,,,,,,,350000,,,,19990529,"US,US,graph,chart 11322"
2707,2,2,116,1,550,175416406,1080,02260A74A4560438,,,,,,,,,,,,,350000,,,,19990529,"US,US,graph,chart 11322"
2708,2,2,116,1,550,175416533,1080,02260A74A4D50438,,,,,,,,,,,,,350000,,,,19990529,"US,US,graph,chart 11322"
2709,2,2,116,1,550,175416547,1080,02260A74A4E30438,,,,,,,,,,,,,350000,,,,19990529,"US,US,graph,chart 11322"
2710,2,2,116,1,550,175416560,1080,02260A74A4F00438,,,,,,,,,,,,,350000,,,,19990529,"US,US,graph,chart 11322"
2711,2,2,116,1,550,175416588,1080,02260A74A50C0438,,,,,,,,,,,,,350000,,,,19990529,"US,US,graph,chart 11322"
2712,2,2,116,1,550,175416603,1080,02260A74A51B0438,,,,,,,,,,,,,350000,,,,19990529,"US,US,graph,chart 11322"
2713,2,2,116,1,550,175416630,1080,02260A74A5360438,,,,,,,,,,,,,350000,,,,19990529,"US,US,graph,chart 11322"
2714,2,2,116,1,550,175416673,1080,02260A74A5610438,,,,,,,,,,,,,350000,,,,19990529,"US,US,graph,chart 11322"
2715,2,2,116,1,550,175416717,1080,02260A74A58D0438,,,,,,,,,,,,,350000,,,,19990529,"US,US,graph,chart 11322"
2716,2,2,116,1,550,175416731,1080,02260A74A59B0438,,,,,,,,,,,,,350000,,,,19990529,"US,US,graph,chart 11322"
2717,2,2,116,1,550,175416759,1080,02260A74A5B70438,,,,,,,,,,,,,350000,,,,19990529,"US,US,graph,chart 11322"
2718,2,2,116,1,550,175416773,1080,02260A74A5C50438,,,,,,,,,,,,,350000,,,,19990529,"US,US,graph,chart 11322"
2719,2,2,116,1,550,175416898,1080,02260A74A6420438,,,,,,,,,,,,,350000,,,,19990529,"US,US,graph,chart 11322"
2720,2,2,116,1,550,175416939,1080,02260A74A66B0438,,,,,,,,,,,,,350000,,,,19990529,"US,US,graph,chart 11322"
2721,2,2,116,1,550,175416954,1080,02260A74A67A0438,,,,,,,,,,,,,350000,,,,19990529,"US,US,graph,chart 11322"
2722,2,2,116,1,550,175417224,1080,02260A74A7880438,,,,,,,,,,,,,350000,,,,19990529,"US,US,graph,chart 11322"
2723,2,2,116,1,550,175417251,1080,02260A74A7A30438,,,,,,,,,,,,,350000,,,,19990529,"US,US,graph,chart 11322"
2724,2,2,116,1,550,175417310,1080,02260A74A7DE0438,,,,,,,,,,,,,350000,,,,19990529,"US,US,graph,chart 11322"
2725,2,2,116,1,550,175417351,1080,02260A74A8070438,,,,,,,,,,,,,350000,,,,19990529,"US,US,graph,chart 11322"
2726,2,2,116,1,550,175417365,1080,02260A74A8150438,,,,,,,,,,,,,350000,,,,19990529,"US,US,graph,chart 11322"
2727,2,2,116,1,550,175417393,1080,02260A74A8310438,,,,,,,,,,,,,350000,,,,19990529,"US,US,graph,chart 11322"
2728,2,2,116,1,550,175417423,1080,02260A74A84F0438,,,,,,,,,,,,,350000,,,,19990529,"US,US,graph,chart 11322"
2729,2,2,116,1,550,175417765,1080,02260A74A9A50438,,,,,,,,,,,,,350000,,,,19990529,"US,US,graph,chart 11322"
2730,2,2,116,1,550,175417995,1080,02260A74AA8B0438,,,,,,,,,,,,,350000,,,,19990529,"US,US,graph,chart 11322"
2731,2,2,116,1,550,175418038,1080,02260A74AAB60438,,,,,,,,,,,,,350000,,,,19990529,"US,US,graph,chart 11322"
2732,2,2,116,1,550,175418096,1080,02260A74AAF00438,,,,,,,,,,,,,350000,,,,19990529,"US,US,graph,chart 11322"
2733,2,2,116,1,550,175418138,1080,02260A74AB1A0438,,,,,,,,,,,,,350000,,,,19990529,"US,US,graph,chart 11322"
2734,2,2,116,1,550,175418167,1080,02260A74AB370438,,,,,,,,,,,,,350000,,,,19990529,"US,US,graph,chart 11322"
2735,2,2,116,1,550,175418181,1080,02260A74AB450438,,,,,,,,,,,,,350000,,,,19990529,"US,US,graph,chart 11322"
2736,2,2,116,1,550,175418209,1080,02260A74AB610438,,,,,,,,,,,,,350000,,,,19990529,"US,US,graph,chart 11322"
2737,2,2,116,1,550,175418238,1080,02260A74AB7E0438,,,,,,,,,,,,,350000,,,,19990529,"US,US,graph,chart 11322"
2738,2,2,116,1,550,175418468,1080,02260A74AC640438,,,,,,,,,,,,,350000,,,,19990529,"US,US,graph,chart 11322"
2739,2,2,116,1,550,175418512,1080,02260A74AC900438,,,,,,,,,,,,,350000,,,,19990529,"US,US,graph,chart 11322"
2740,2,2,116,1,550,175418527,1080,02260A74AC9F0438,,,,,,,,,,,,,350000,,,,19990529,"US,US,graph,chart 11322"
2741,2,2,116,1,550,175418596,1080,02260A74ACE40438,,,,,,,,,,,,,350000,,,,19990529,"US,US,graph,chart 11322"
2742,2,2,116,1,550,175418611,1080,02260A74ACF30438,,,,,,,,,,,,,350000,,,,19990529,"US,US,graph,chart 11322"
2743,2,2,116,1,550,175418643,1080,02260A74AD130438,,,,,,,,,,,,,350000,,,,19990529,"US,US,graph,chart 11322"
2744,2,2,116,1,550,175418658,1080,02260A74AD220438,,,,,,,,,,,,,350000,,,,19990529,"US,US,graph,chart 11322"
2745,2,2,116,1,550,175418672,1080,02260A74AD300438,,,,,,,,,,,,,350000,,,,19990529,"US,US,graph,chart 11322"
2746,2,2,116,1,550,175418702,1080,02260A74AD4E0438,,,,,,,,,,,,,350000,,,,19990529,"US,US,graph,chart 11322"
2747,2,2,116,1,550,175418716,1080,02260A74AD5C0438,,,,,,,,,,,,,350000,,,,19990529,"US,US,graph,chart 11322"
2748,2,2,116,1,550,175418730,1080,02260A74AD6A0438,,,,,,,,,,,,,350000,,,,19990529,"US,US,graph,chart 11322"
2749,2,2,116,1,550,175418828,1080,02260A74ADCC0438,,,,,,,,,,,,,350000,,,,19990529,"US,US,graph,chart 11322"
2750,2,2,116,1,550,175418843,1080,02260A74ADDB0438,,,,,,,,,,,,,350000,,,,19990529,"US,US,graph,chart 11322"
2751,2,2,116,1,550,175418874,1080,02260A74ADFA0438,,,,,,,,,,,,,350000,,,,19990529,"US,US,graph,chart 11322"
2752,2,2,116,1,550,175418888,1080,02260A74AE080438,,,,,,,,,,,,,350000,,,,19990529,"US,US,graph,chart 11322"
2753,2,2,116,1,550,175418901,1080,02260A74AE150438,,,,,,,,,,,,,350000,,,,19990529,"US,US,graph,chart 11322"
2754,2,2,116,1,550,175418915,1080,02260A74AE230438,,,,,,,,,,,,,350000,,,,19990529,"US,US,graph,chart 11322"
2755,2,2,116,1,550,175418929,1080,02260A74AE310438,,,,,,,,,,,,,350000,,,,19990529,"US,US,graph,chart 11322"
2756,2,2,116,1,550,175418944,1080,02260A74AE400438,,,,,,,,,,,,,350000,,,,19990529,"US,US,graph,chart 11322"
2757,2,2,116,1,550,175418957,1080,02260A74AE4D0438,,,,,,,,,,,,,350000,,,,19990529,"US,US,graph,chart 11322"
2758,2,2,116,1,550,175418971,1080,02260A74AE5B0438,,,,,,,,,,,,,350000,,,,19990529,"US,US,graph,chart 11322"
2759,2,2,116,1,550,175418985,1080,02260A74AE690438,,,,,,,,,,,,,350000,,,,19990529,"US,US,graph,chart 11322"
2760,2,2,116,1,550,175419013,1080,02260A74AE850438,,,,,,,,,,,,,350000,,,,19990529,"US,US,graph,chart 11322"
2761,2,2,116,1,550,175419043,1080,02260A74AEA30438,,,,,,,,,,,,,350000,,,,19990529,"US,US,graph,chart 11322"
2762,2,2,116,1,550,175419146,1080,02260A74AF0A0438,,,,,,,,,,,,,350000,,,,19990529,"US,US,graph,chart 11322"
2763,2,2,116,1,550,175419159,1080,02260A74AF170438,,,,,,,,,,,,,350000,,,,19990529,"US,US,graph,chart 11322"
2764,2,2,116,1,550,175419218,1080,02260A74AF520438,,,,,,,,,,,,,350000,,,,19990529,"US,US,graph,chart 11322"
2765,2,2,116,1,550,175419249,1080,02260A74AF710438,,,,,,,,,,,,,350000,,,,19990529,"US,US,graph,chart 11322"
2766,2,2,116,1,550,175419293,1080,02260A74AF9D0438,,,,,,,,,,,,,350000,,,,19990529,"US,US,graph,chart 11322"
2767,2,2,116,1,550,175419307,1080,02260A74AFAB0438,,,,,,,,,,,,,350000,,,,19990529,"US,US,graph,chart 11322"
2768,2,2,116,1,550,175419321,1080,02260A74AFB90438,,,,,,,,,,,,,350000,,,,19990529,"US,US,graph,chart 11322"
2769,2,2,116,1,550,175419335,1080,02260A74AFC70438,,,,,,,,,,,,,350000,,,,19990529,"US,US,graph,chart 11322"
2770,2,2,116,1,550,175419349,1080,02260A74AFD50438,,,,,,,,,,,,,350000,,,,19990529,"US,US,graph,chart 11322"
2771,2,2,116,1,550,175419433,1080,02260A74B0290438,,,,,,,,,,,,,350000,,,,19990529,"US,US,graph,chart 11322"
2772,2,2,116,1,550,175419446,1080,02260A74B0360438,,,,,,,,,,,,,350000,,,,19990529,"US,US,graph,chart 11322"
2773,2,2,116,1,550,175419461,1080,02260A74B0450438,,,,,,,,,,,,,350000,,,,19990529,"US,US,graph,chart 11322"
2774,2,2,116,1,550,175419475,1080,02260A74B0530438,,,,,,,,,,,,,350000,,,,19990529,"US,US,graph,chart 11322"
2775,2,2,116,1,550,175419489,1080,02260A74B0610438,,,,,,,,,,,,,350000,,,,19990529,"US,US,graph,chart 11322"
2776,2,2,116,1,550,175419502,1080,02260A74B06E0438,,,,,,,,,,,,,350000,,,,19990529,"US,US,graph,chart 11322"
2777,2,2,116,1,550,175419516,1080,02260A74B07C0438,,,,,,,,,,,,,350000,,,,19990529,"US,US,graph,chart 11322"
2778,2,2,116,1,550,175419531,1080,02260A74B08B0438,,,,,,,,,,,,,350000,,,,19990529,"US,US,graph,chart 11322"
2779,2,2,116,1,550,175419545,1080,02260A74B0990438,,,,,,,,,,,,,350000,,,,19990529,"US,US,graph,chart 11322"
2780,2,2,116,1,550,175419560,1080,02260A74B0A80438,,,,,,,,,,,,,350000,,,,19990529,"US,US,graph,chart 11322"
2781,2,2,116,1,550,175419573,1080,02260A74B0B50438,,,,,,,,,,,,,350000,,,,19990529,"US,US,graph,chart 11322"
2782,2,2,116,1,550,175419588,1080,02260A74B0C40438,,,,,,,,,,,,,350000,,,,19990529,"US,US,graph,chart 11322"
2783,2,2,116,1,550,175419602,1080,02260A74B0D20438,,,,,,,,,,,,,350000,,,,19990529,"US,US,graph,chart 11322"
2784,2,2,116,1,550,175419616,1080,02260A74B0E00438,,,,,,,,,,,,,350000,,,,19990529,"US,US,graph,chart 11322"
2785,2,2,116,1,550,175419629,1080,02260A74B0ED0438,,,,,,,,,,,,,350000,,,,19990529,"US,US,graph,chart 11322"
2786,2,2,116,1,550,175419643,1080,02260A74B0FB0438,,,,,,,,,,,,,350000,,,,19990529,"US,US,graph,chart 11322"
2787,2,2,116,1,550,175419657,1080,02260A74B1090438,,,,,,,,,,,,,350000,,,,19990529,"US,US,graph,chart 11322"
2788,2,2,116,1,550,175419671,1080,02260A74B1170438,,,,,,,,,,,,,350000,,,,19990529,"US,US,graph,chart 11322"
2789,2,2,116,1,550,175419685,1080,02260A74B1250438,,,,,,,,,,,,,350000,,,,19990529,"US,US,graph,chart 11322"
2790,2,2,116,1,550,175419699,1080,02260A74B1330438,,,,,,,,,,,,,350000,,,,19990529,"US,US,graph,chart 11322"
2791,2,2,116,1,550,175419713,1080,02260A74B1410438,,,,,,,,,,,,,350000,,,,19990529,"US,US,graph,chart 11322"
2792,2,2,116,1,550,175419727,1080,02260A74B14F0438,,,,,,,,,,,,,350000,,,,19990529,"US,US,graph,chart 11322"
2793,2,2,116,1,550,175419742,1080,02260A74B15E0438,,,,,,,,,,,,,350000,,,,19990529,"US,US,graph,chart 11322"
2794,2,2,116,1,550,175419755,1080,02260A74B16B0438,,,,,,,,,,,,,350000,,,,19990529,"US,US,graph,chart 11322"
2795,2,2,116,1,550,175419770,1080,02260A74B17A0438,,,,,,,,,,,,,350000,,,,19990529,"US,US,graph,chart 11322"
2796,2,2,116,1,550,175419784,1080,02260A74B1880438,,,,,,,,,,,,,350000,,,,19990529,"US,US,graph,chart 11322"
2797,2,2,116,1,550,175419798,1080,02260A74B1960438,,,,,,,,,,,,,350000,,,,19990529,"US,US,graph,chart 11322"
2798,2,2,116,1,550,175419811,1080,02260A74B1A30438,,,,,,,,,,,,,350000,,,,19990529,"US,US,graph,chart 11322"
2799,2,2,116,1,550,175419825,1080,02260A74B1B10438,,,,,,,,,,,,,350000,,,,19990529,"US,US,graph,chart 11322"
2800,2,2,116,1,550,175419854,1080,02260A74B1CE0438,,,,,,,,,,,,,350000,,,,19990529,"US,US,graph,chart 11322"
2801,2,2,116,1,550,175419867,1080,02260A74B1DB0438,,,,,,,,,,,,,350000,,,,19990529,"US,US,graph,chart 11322"
2802,2,2,116,1,550,175419882,1080,02260A74B1EA0438,,,,,,,,,,,,,350000,,,,19990529,"US,US,graph,chart 11322"
2803,2,2,116,1,550,175419896,1080,02260A74B1F80438,,,,,,,,,,,,,350000,,,,19990529,"US,US,graph,chart 11322"
2804,2,2,116,1,550,175419910,1080,02260A74B2060438,,,,,,,,,,,,,350000,,,,19990529,"US,US,graph,chart 11322"
2805,2,2,116,1,550,175419924,1080,02260A74B2140438,,,,,,,,,,,,,350000,,,,19990529,"US,US,graph,chart 11322"
2806,2,2,116,1,550,175419939,1080,02260A74B2230438,,,,,,,,,,,,,350000,,,,19990529,"US,US,graph,chart 11322"
2807,2,2,116,1,550,175419952,1080,02260A74B2300438,,,,,,,,,,,,,350000,,,,19990529,"US,US,graph,chart 11322"
2808,2,2,116,1,550,175419980,1080,02260A74B24C0438,,,,,,,,,,,,,350000,,,,19990529,"US,US,graph,chart 11322"
2809,2,2,116,1,550,175419993,1080,02260A74B2590438,,,,,,,,,,,,,350000,,,,19990529,"US,US,graph,chart 11322"
2810,2,2,116,1,550,175420038,1080,02260A74B2860438,,,,,,,,,,,,,350000,,,,19990529,"US,US,graph,chart 11322"
2811,2,2,116,1,550,175420066,1080,02260A74B2A20438,,,,,,,,,,,,,350000,,,,19990529,"US,US,graph,chart 11322"
2812,2,2,116,1,550,175420081,1080,02260A74B2B10438,,,,,,,,,,,,,350000,,,,19990529,"US,US,graph,chart 11322"
2813,2,2,116,1,550,175420095,1080,02260A74B2BF0438,,,,,,,,,,,,,350000,,,,19990529,"US,US,graph,chart 11322"
2814,2,2,116,1,550,175420109,1080,02260A74B2CD0438,,,,,,,,,,,,,350000,,,,19990529,"US,US,graph,chart 11322"
2815,2,2,116,1,550,175420123,1080,02260A74B2DB0438,,,,,,,,,,,,,350000,,,,19990529,"US,US,graph,chart 11322"
2816,2,2,116,1,550,175420136,1080,02260A74B2E80438,,,,,,,,,,,,,350000,,,,19990529,"US,US,graph,chart 11322"
2817,2,2,116,1,550,175420150,1080,02260A74B2F60438,,,,,,,,,,,,,350000,,,,19990529,"US,US,graph,chart 11322"
2818,2,2,116,1,550,175420165,1080,02260A74B3050438,,,,,,,,,,,,,350000,,,,19990529,"US,US,graph,chart 11322"
2819,2,2,116,1,550,175420180,1080,02260A74B3140438,,,,,,,,,,,,,350000,,,,19990529,"US,US,graph,chart 11322"
2820,2,2,116,1,550,175420208,1080,02260A74B3300438,,,,,,,,,,,,,350000,,,,19990529,"US,US,graph,chart 11322"
2821,2,2,116,1,550,175420222,1080,02260A74B33E0438,,,,,,,,,,,,,350000,,,,19990529,"US,US,graph,chart 11322"
2822,2,2,116,1,550,175420236,1080,02260A74B34C0438,,,,,,,,,,,,,350000,,,,19990529,"US,US,graph,chart 11322"
2823,2,2,116,1,550,175420250,1080,02260A74B35A0438,,,,,,,,,,,,,350000,,,,19990529,"US,US,graph,chart 11322"
2824,2,2,116,1,550,175420264,1080,02260A74B3680438,,,,,,,,,,,,,350000,,,,19990529,"US,US,graph,chart 11322"
2825,2,2,116,1,550,175420278,1080,02260A74B3760438,,,,,,,,,,,,,350000,,,,19990529,"US,US,graph,chart 11322"
2826,2,2,116,1,550,175420306,1080,02260A74B3920438,,,,,,,,,,,,,350000,,,,19990529,"US,US,graph,chart 11322"
2827,2,2,116,1,550,175420320,1080,02260A74B3A00438,,,,,,,,,,,,,350000,,,,19990529,"US,US,graph,chart 11322"
2828,2,2,116,1,550,175420334,1080,02260A74B3AE0438,,,,,,,,,,,,,350000,,,,19990529,"US,US,graph,chart 11322"
2829,2,2,116,1,550,175420348,1080,02260A74B3BC0438,,,,,,,,,,,,,350000,,,,19990529,"US,US,graph,chart 11322"
2830,2,2,116,1,550,175420363,1080,02260A74B3CB0438,,,,,,,,,,,,,350000,,,,19990529,"US,US,graph,chart 11322"
2831,2,2,116,1,550,175420377,1080,02260A74B3D90438,,,,,,,,,,,,,350000,,,,19990529,"US,US,graph,chart 11322"
2832,2,2,116,1,550,175420390,1080,02260A74B3E60438,,,,,,,,,,,,,350000,,,,19990529,"US,US,graph,chart 11322"
2833,2,2,116,1,550,175420404,1080,02260A74B3F40438,,,,,,,,,,,,,350000,,,,19990529,"US,US,graph,chart 11322"
2834,2,2,116,1,550,175420418,1080,02260A74B4020438,,,,,,,,,,,,,350000,,,,19990529,"US,US,graph,chart 11322"
2835,2,2,116,1,550,175420433,1080,02260A74B4110438,,,,,,,,,,,,,350000,,,,19990529,"US,US,graph,chart 11322"
2836,2,2,116,1,550,175420446,1080,02260A74B41E0438,,,,,,,,,,,,,350000,,,,19990529,"US,US,graph,chart 11322"
2837,2,2,116,1,550,175420461,1080,02260A74B42D0438,,,,,,,,,,,,,350000,,,,19990529,"US,US,graph,chart 11322"
2838,2,2,116,1,550,175420475,1080,02260A74B43B0438,,,,,,,,,,,,,350000,,,,19990529,"US,US,graph,chart 11322"
2839,2,2,116,1,550,175420505,1080,02260A74B4590438,,,,,,,,,,,,,350000,,,,19990529,"US,US,graph,chart 11322"
2840,2,2,116,1,550,175420533,1080,02260A74B4750438,,,,,,,,,,,,,350000,,,,19990529,"US,US,graph,chart 11322"
2841,2,2,116,1,550,175420606,1080,02260A74B4BE0438,,,,,,,,,,,,,350000,,,,19990529,"US,US,graph,chart 11322"
2842,2,2,116,1,550,175420773,1080,02260A74B5650438,,,,,,,,,,,,,350000,,,,19990529,"US,US,graph,chart 11322"
2843,2,2,116,1,550,175420787,1080,02260A74B5730438,,,,,,,,,,,,,350000,,,,19990529,"US,US,graph,chart 11322"
2844,2,2,116,1,550,175420845,1080,02260A74B5AD0438,,,,,,,,,,,,,350000,,,,19990529,"US,US,graph,chart 11322"
2845,2,2,116,1,550,175420919,1080,02260A74B5F70438,,,,,,,,,,,,,350000,,,,19990529,"US,US,graph,chart 11322"
2846,2,2,116,1,550,175420932,1080,02260A74B6040438,,,,,,,,,,,,,350000,,,,19990529,"US,US,graph,chart 11322"
2847,2,2,116,1,550,175420947,1080,02260A74B6130438,,,,,,,,,,,,,350000,,,,19990529,"US,US,graph,chart 11322"
2848,2,2,116,1,550,175420961,1080,02260A74B6210438,,,,,,,,,,,,,350000,,,,19990529,"US,US,graph,chart 11322"
2849,2,2,116,1,550,175420974,1080,02260A74B62E0438,,,,,,,,,,,,,350000,,,,19990529,"US,US,graph,chart 11322"
2850,2,2,116,1,550,175420988,1080,02260A74B63C0438,,,,,,,,,,,,,350000,,,,19990529,"US,US,graph,chart 11322"
2851,2,2,116,1,550,175421002,1080,02260A74B64A0438,,,,,,,,,,,,,350000,,,,19990529,"US,US,graph,chart 11322"
2852,2,2,116,1,550,175421016,1080,02260A74B6580438,,,,,,,,,,,,,350000,,,,19990529,"US,US,graph,chart 11322"
2853,2,2,116,1,550,175421029,1080,02260A74B6650438,,,,,,,,,,,,,350000,,,,19990529,"US,US,graph,chart 11322"
2854,2,2,116,1,550,175421043,1080,02260A74B6730438,,,,,,,,,,,,,350000,,,,19990529,"US,US,graph,chart 11322"
2855,2,2,116,1,550,175421057,1080,02260A74B6810438,,,,,,,,,,,,,350000,,,,19990529,"US,US,graph,chart 11322"
2856,2,2,116,1,550,175421072,1080,02260A74B6900438,,,,,,,,,,,,,350000,,,,19990529,"US,US,graph,chart 11322"
2857,2,2,116,1,550,175421085,1080,02260A74B69D0438,,,,,,,,,,,,,350000,,,,19990529,"US,US,graph,chart 11322"
2858,2,2,116,1,550,175421100,1080,02260A74B6AC0438,,,,,,,,,,,,,350000,,,,19990529,"US,US,graph,chart 11322"
2859,2,2,116,1,550,175421113,1080,02260A74B6B90438,,,,,,,,,,,,,350000,,,,19990529,"US,US,graph,chart 11322"
2860,2,2,116,1,550,175421128,1080,02260A74B6C80438,,,,,,,,,,,,,350000,,,,19990529,"US,US,graph,chart 11322"
2861,2,2,116,1,550,175421143,1080,02260A74B6D70438,,,,,,,,,,,,,350000,,,,19990529,"US,US,graph,chart 11322"
2862,2,2,116,1,550,175421158,1080,02260A74B6E60438,,,,,,,,,,,,,350000,,,,19990529,"US,US,graph,chart 11322"
2863,2,2,116,1,550,175421172,1080,02260A74B6F40438,,,,,,,,,,,,,350000,,,,19990529,"US,US,graph,chart 11322"
2864,2,2,116,1,550,175421186,1080,02260A74B7020438,,,,,,,,,,,,,350000,,,,19990529,"US,US,graph,chart 11322"
2865,2,2,116,1,550,175421201,1080,02260A74B7110438,,,,,,,,,,,,,350000,,,,19990529,"US,US,graph,chart 11322"
2866,2,2,116,1,550,175421216,1080,02260A74B7200438,,,,,,,,,,,,,350000,,,,19990529,"US,US,graph,chart 11322"
2867,2,2,116,1,550,175421230,1080,02260A74B72E0438,,,,,,,,,,,,,350000,,,,19990529,"US,US,graph,chart 11322"
2868,2,2,116,1,550,175421244,1080,02260A74B73C0438,,,,,,,,,,,,,350000,,,,19990529,"US,US,graph,chart 11322"
2869,2,2,116,1,550,175421258,1080,02260A74B74A0438,,,,,,,,,,,,,350000,,,,19990529,"US,US,graph,chart 11322"
2870,2,2,116,1,550,175421273,1080,02260A74B7590438,,,,,,,,,,,,,350000,,,,19990529,"US,US,graph,chart 11322"
2871,2,2,116,1,550,175421286,1080,02260A74B7660438,,,,,,,,,,,,,350000,,,,19990529,"US,US,graph,chart 11322"
2872,2,2,116,1,550,175421300,1080,02260A74B7740438,,,,,,,,,,,,,350000,,,,19990529,"US,US,graph,chart 11322"
2873,2,2,116,1,550,175421314,1080,02260A74B7820438,,,,,,,,,,,,,350000,,,,19990529,"US,US,graph,chart 11322"
2874,2,2,116,1,550,175421328,1080,02260A74B7900438,,,,,,,,,,,,,350000,,,,19990529,"US,US,graph,chart 11322"
2875,2,2,116,1,550,175421342,1080,02260A74B79E0438,,,,,,,,,,,,,350000,,,,19990529,"US,US,graph,chart 11322"
2876,2,2,116,1,550,175421355,1080,02260A74B7AB0438,,,,,,,,,,,,,350000,,,,19990529,"US,US,graph,chart 11322"
2877,2,2,116,1,550,175421370,1080,02260A74B7BA0438,,,,,,,,,,,,,350000,,,,19990529,"US,US,graph,chart 11322"
2878,2,2,116,1,550,175421384,1080,02260A74B7C80438,,,,,,,,,,,,,350000,,,,19990529,"US,US,graph,chart 11322"
2879,2,2,116,1,550,175421399,1080,02260A74B7D70438,,,,,,,,,,,,,350000,,,,19990529,"US,US,graph,chart 11322"
2880,2,2,116,1,550,175421412,1080,02260A74B7E40438,,,,,,,,,,,,,350000,,,,19990529,"US,US,graph,chart 11322"
2881,2,2,116,1,550,175421427,1080,02260A74B7F30438,,,,,,,,,,,,,350000,,,,19990529,"US,US,graph,chart 11322"
2882,2,2,116,1,550,175421441,1080,02260A74B8010438,,,,,,,,,,,,,350000,,,,19990529,"US,US,graph,chart 11322"
2883,2,2,116,1,550,175421455,1080,02260A74B80F0438,,,,,,,,,,,,,350000,,,,19990529,"US,US,graph,chart 11322"
2884,2,2,116,1,550,175421470,1080,02260A74B81E0438,,,,,,,,,,,,,350000,,,,19990529,"US,US,graph,chart 11322"
2885,2,2,116,1,550,175421483,1080,02260A74B82B0438,,,,,,,,,,,,,350000,,,,19990529,"US,US,graph,chart 11322"
2886,2,2,116,1,550,175421526,1080,02260A74B8560438,,,,,,,,,,,,,350000,,,,19990529,"US,US,graph,chart 11322"
2887,2,2,116,1,550,175421540,1080,02260A74B8640438,,,,,,,,,,,,,350000,,,,19990529,"US,US,graph,chart 11322"
2888,2,2,116,1,550,175421553,1080,02260A74B8710438,,,,,,,,,,,,,350000,,,,19990529,"US,US,graph,chart 11322"
2889,2,2,116,1,550,175421568,1080,02260A74B8800438,,,,,,,36,,,,,,350000,,,,19990529,"US,US,graph,chart 11322"
2890,2,2,116,1,550,175421582,1080,02260A74B88E0438,,,,,,,,,,,,,350000,,,,19990529,"US,US,graph,chart 11322"
2891,2,2,116,1,550,175421610,1080,02260A74B8AA0438,,,,,,,,,,,,,350000,,,,19990529,"US,US,graph,chart 11322"
2892,2,2,116,1,550,175421803,1080,02260A74B96B0438,,,,,,,,,,,,,350000,,,,19990529,"US,US,graph,chart 11322"
2893,2,2,116,1,550,175421817,1080,02260A74B9790438,,,,,,,,,,,,,350000,,,,19990529,"US,US,graph,chart 11322"
2894,2,2,116,1,550,175421930,1080,02260A74B9EA0438,,,,,,,288,,,,,,350000,,,,19990529,"US,US,graph,chart 11322"
2895,2,2,116,1,550,175421960,1080,02260A74BA080438,,,,,,,,,,,,,350000,,,,19990529,"US,US,graph,chart 11322"
2896,2,2,116,1,550,175422419,1080,02260A74BBD30438,,,,,,,,,,,,,350000,,,,19990529,"US,US,graph,chart 11322"
2897,2,2,116,1,550,175422434,1080,02260A74BBE20438,,,,,,,,,,,,,350000,,,,19990529,"US,US,graph,chart 11322"
2898,2,2,116,1,550,175422447,1080,02260A74BBEF0438,,,,,,,,,,,,,350000,,,,19990529,"US,US,graph,chart 11322"
2899,2,2,116,1,550,175422542,1080,02260A74BC4E0438,,,,,,,,,,,,,350000,,,,19990529,"US,US,graph,chart 11322"
2900,2,2,116,1,550,175422555,1080,02260A74BC5B0438,,,,,,,,,,,,,350000,,,,19990529,"US,US,graph,chart 11322"
2901,2,2,116,1,550,175423161,1080,02260A74BEB90438,,,,,,,,,,,,,350000,,,,19990529,"US,US,graph,chart 11322"
2902,2,2,116,1,550,175423176,1080,02260A74BEC80438,,,,,,,,,,,,,350000,,,,19990529,"US,US,graph,chart 11322"
2903,2,2,116,1,550,175423206,1080,02260A74BEE60438,,,,,,,,,,,,,350000,,,,19990529,"US,US,graph,chart 11322"
2904,2,2,116,1,550,175423221,1080,02260A74BEF50438,,,,,,,,,,,,,350000,,,,19990529,"US,US,graph,chart 11322"
2905,2,2,116,1,550,175423235,1080,02260A74BF030438,,,,,,,,,,,,,350000,,,,19990529,"US,US,graph,chart 11322"
2906,2,2,116,1,550,175423249,1080,02260A74BF110438,,,,,,,,,,,,,350000,,,,19990529,"US,US,graph,chart 11322"
2907,2,2,116,1,550,175423291,1080,02260A74BF3B0438,,,,,,,,,,,,,350000,,,,19990529,"US,US,graph,chart 11322"
2908,2,2,116,1,550,175423361,1080,02260A74BF810438,,,,,,,,,,,,,350000,,,,19990529,"US,US,graph,chart 11322"
2909,2,2,116,1,550,175423374,1080,02260A74BF8E0438,,,,,,,,,,,,,350000,,,,19990529,"US,US,graph,chart 11322"
2910,2,2,116,1,550,175423404,1080,02260A74BFAC0438,,,,,,,,,,,,,350000,,,,19990529,"US,US,graph,chart 11322"
2911,2,2,116,1,550,175423434,1080,02260A74BFCA0438,,,,,,,,,,,,,350000,,,,19990529,"US,US,graph,chart 11322"
2912,2,2,116,1,550,175423462,1080,02260A74BFE60438,,,,,,,,,,,,,350000,,,,19990529,"US,US,graph,chart 11322"
2913,2,2,116,1,550,175423477,1080,02260A74BFF50438,,,,,,,,,,,,,350000,,,,19990529,"US,US,graph,chart 11322"
2914,2,2,116,1,550,175423492,1080,02260A74C0040438,,,,,,,,,,,,,350000,,,,19990529,"US,US,graph,chart 11322"
2915,2,2,116,1,550,175423506,1080,02260A74C0120438,,,,,,,,,,,,,350000,,,,19990529,"US,US,graph,chart 11322"
2916,2,2,116,1,550,175423520,1080,02260A74C0200438,,,,,,,,,,,,,350000,,,,19990529,"US,US,graph,chart 11322"
2917,2,2,116,1,550,175423533,1080,02260A74C02D0438,,,,,,,,,,,,,350000,,,,19990529,"US,US,graph,chart 11322"
2918,2,2,116,1,550,175423547,1080,02260A74C03B0438,,,,,,,,,,,,,350000,,,,19990529,"US,US,graph,chart 11322"
2919,2,2,116,1,550,175423576,1080,02260A74C0580438,,,,,,,,,,,,,350000,,,,19990529,"US,US,graph,chart 11322"
2920,2,2,116,1,550,175423591,1080,02260A74C0670438,,,,,,,,,,,,,350000,,,,19990529,"US,US,graph,chart 11322"
2921,2,2,116,1,550,175423620,1080,02260A74C0840438,,,,,,,,,,,,,350000,,,,19990529,"US,US,graph,chart 11322"
2922,2,2,116,1,550,175423634,1080,02260A74C0920438,,,,,,,,,,,,,350000,,,,19990529,"US,US,graph,chart 11322"
2923,2,2,116,1,550,175423649,1080,02260A74C0A10438,,,,,,,,,,,,,350000,,,,19990529,"US,US,graph,chart 11322"
2924,2,2,116,1,550,175423664,1080,02260A74C0B00438,,,,,,,,,,,,,350000,,,,19990529,"US,US,graph,chart 11322"
2925,2,2,116,1,550,175423692,1080,02260A74C0CC0438,,,,,,,,,,,,,350000,,,,19990529,"US,US,graph,chart 11322"
2926,2,2,116,1,550,175423706,1080,02260A74C0DA0438,,,,,,,,,,,,,350000,,,,19990529,"US,US,graph,chart 11322"
2927,2,2,116,1,550,175423720,1080,02260A74C0E80438,,,,,,,,,,,,,350000,,,,19990529,"US,US,graph,chart 11322"
2928,2,2,116,1,550,175423735,1080,02260A74C0F70438,,,,,,,,,,,,,350000,,,,19990529,"US,US,graph,chart 11322"
2929,2,2,116,1,550,175423749,1080,02260A74C1050438,,,,,,,,,,,,,350000,,,,19990529,"US,US,graph,chart 11322"
2930,2,2,116,1,550,175423763,1080,02260A74C1130438,,,,,,,,,,,,,350000,,,,19990529,"US,US,graph,chart 11322"
2931,2,2,116,1,550,175423947,1080,02260A74C1CB0438,,,,,,,,,,,,,350000,,,,19990529,"US,US,graph,chart 11322"
2932,2,2,116,1,550,175423962,1080,02260A74C1DA0438,,,,,,,,,,,,,350000,,,,19990529,"US,US,graph,chart 11322"
2933,2,2,116,1,550,175423976,1080,02260A74C1E80438,,,,,,,,,,,,,350000,,,,19990529,"US,US,graph,chart 11322"
2934,2,2,116,1,550,175423991,1080,02260A74C1F70438,,,,,,,,,,,,,350000,,,,19990529,"US,US,graph,chart 11322"
2935,2,2,116,1,550,175424005,1080,02260A74C2050438,,,,,,,,,,,,,350000,,,,19990529,"US,US,graph,chart 11322"
2936,2,2,116,1,550,175437072,1080,02260A74F5100438,,,,,,,,,,,,,350000,,,,19990529,"US,US,graph,chart 11322"
2937,2,2,116,1,550,175437087,1080,02260A74F51F0438,,,,,,,,,,,,,350000,,,,19990529,"US,US,graph,chart 11322"
2938,2,2,116,1,550,175437103,1080,02260A74F52F0438,,,,,,,,,,,,,350000,,,,19990529,"US,US,graph,chart 11322"
2939,2,2,116,1,550,175437462,1080,02260A74F6960438,,,,,,,332,,,,,,350000,,,,19990529,"US,US,graph,chart 11322"
2940,2,2,116,1,550,175437492,1080,02260A74F6B40438,,,,,,,,,,,,,350000,,,,19990529,"US,US,graph,chart 11322"
2941,2,2,116,1,550,175437631,1080,02260A74F73F0438,,,,,,,,,,,,,350000,,,,19990529,"US,US,graph,chart 11322"
2942,2,2,116,1,550,175447760,1080,02260A751ED00438,,,,,,,,,,,,,350000,,,,19990529,"US,US,graph,chart 11322"
2943,2,2,116,1,550,175448119,1080,02260A7520370438,,,,,,,,,,,,,350000,,,,19990529,"US,US,graph,chart 11322"
2944,2,2,116,1,550,175448135,1080,02260A7520470438,,,,,,,,,,,,,350000,,,,19990529,"US,US,graph,chart 11322"
2945,2,2,116,1,550,175448151,1080,02260A7520570438,,,,,,,,,,,,,350000,,,,19990529,"US,US,graph,chart 11322"
2946,2,2,116,1,550,175448167,1080,02260A7520670438,,,,,,,,,,,,,350000,,,,19990529,"US,US,graph,chart 11322"
2947,2,2,116,1,550,175448182,1080,02260A7520760438,,,,,,,,,,,,,350000,,,,19990529,"US,US,graph,chart 11322"
2948,2,2,116,1,550,175448274,1080,02260A7520D20438,,,,,,,,,,,,,350000,,,,19990529,"US,US,graph,chart 11322"
2949,2,2,116,1,550,175448477,1080,02260A75219D0438,,,,,,,,,,,,,350000,,,,19990529,"US,US,graph,chart 11322"
2950,2,2,116,1,550,175448492,1080,02260A7521AC0438,,,,,,,,,,,,,350000,,,,19990529,"US,US,graph,chart 11322"
2951,2,2,116,1,550,175448508,1080,02260A7521BC0438,,,,,,,,,,,,,350000,,,,19990529,"US,US,graph,chart 11322"
2952,2,2,116,1,550,175448523,1080,02260A7521CB0438,,,,,,,,,,,,,350000,,,,19990529,"US,US,graph,chart 11322"
2953,2,2,116,1,550,175448539,1080,02260A7521DB0438,,,,,,,,,,,,,350000,,,,19990529,"US,US,graph,chart 11322"
2954,2,2,116,1,550,175448554,1080,02260A7521EA0438,,,,,,,,,,,,,350000,,,,19990529,"US,US,graph,chart 11322"
2955,2,2,116,1,550,175448711,1080,02260A7522870438,,,,,,,,,,,,,350000,,,,19990529,"US,US,graph,chart 11322"
2956,2,2,116,1,550,175448742,1080,02260A7522A60438,,,,,,,,,,,,,350000,,,,19990529,"US,US,graph,chart 11322"
2957,2,2,116,1,550,175448758,1080,02260A7522B60438,,,,,,,,,,,,,350000,,,,19990529,"US,US,graph,chart 11322"
2958,2,2,116,1,550,175448774,1080,02260A7522C60438,,,,,,,,,,,,,350000,,,,19990529,"US,US,graph,chart 11322"
2959,2,2,116,1,550,175448790,1080,02260A7522D60438,,,,,,,,,,,,,350000,,,,19990529,"US,US,graph,chart 11322"
2960,2,2,116,1,550,175448806,1080,02260A7522E60438,,,,,,,,,,,,,350000,,,,19990529,"US,US,graph,chart 11322"
2961,2,2,116,1,550,175448821,1080,02260A7522F50438,,,,,,,,,,,,,350000,,,,19990529,"US,US,graph,chart 11322"
2962,2,2,116,1,550,175448837,1080,02260A7523050438,,,,,,,,,,,,,350000,,,,19990529,"US,US,graph,chart 11322"
2963,2,2,116,1,550,175489870,1080,02260A75C34E0438,,,,,,,288,,,,,,350000,,,,19990529,"US,US,graph,chart 11322"
2964,2,2,116,1,550,175407738,1080,02260A74827A0438,,,,,,,,,,,,,350000,,,,19990529,"US,US,graph,chart 11322"
2965,2,2,116,1,550,175407750,1080,02260A7482860438,,,,,,,,,,,,,350000,,,,19990529,"US,US,graph,chart 11322"
2966,2,2,116,1,550,175407764,1080,02260A7482940438,,,,,,,,,,,,,350000,,,,19990529,"US,US,graph,chart 11322"
2967,2,2,116,1,550,175407778,1080,02260A7482A20438,,,,,,,,,,,,,350000,,,,19990529,"US,US,graph,chart 11322"
2968,2,2,116,1,550,175407792,1080,02260A7482B00438,,,,,,,,,,,,,350000,,,,19990529,"US,US,graph,chart 11322"
2969,2,2,116,1,550,175407805,1080,02260A7482BD0438,,,,,,,,,,,,,350000,,,,19990529,"US,US,graph,chart 11322"
2970,2,2,116,1,550,175407818,1080,02260A7482CA0438,,,,,,,,,,,,,350000,,,,19990529,"US,US,graph,chart 11322"
2971,2,2,116,1,550,175407831,1080,02260A7482D70438,,,,,,,,,,,,,350000,,,,19990529,"US,US,graph,chart 11322"
2972,2,2,116,1,550,175407844,1080,02260A7482E40438,,,,,,,,,,,,,350000,,,,19990529,"US,US,graph,chart 11322"
2973,2,2,116,1,550,175407857,1080,02260A7482F10438,,,,,,,,,,,,,350000,,,,19990529,"US,US,graph,chart 11322"
2974,2,2,116,1,550,175407871,1080,02260A7482FF0438,,,,,,,,,,,,,350000,,,,19990529,"US,US,graph,chart 11322"
2975,2,2,116,1,550,175407883,1080,02260A74830B0438,,,,,,,,,,,,,350000,,,,19990529,"US,US,graph,chart 11322"
2976,2,2,116,1,550,175407897,1080,02260A7483190438,,,,,,,,,,,,,350000,,,,19990529,"US,US,graph,chart 11322"
2977,2,2,116,1,550,175407912,1080,02260A7483280438,,,,,,,F M 523,,,,,,350000,,,,19990529,"US,US,graph,chart 11322"
2978,2,2,116,1,550,175407967,1080,02260A74835F0438,,,,,,,,,,,,,350000,,,,19990529,"US,US,graph,chart 11322"
2979,2,2,116,1,550,175407981,1080,02260A74836D0438,,,,,,,,,,,,,350000,,,,19990529,"US,US,graph,chart 11322"
2980,2,2,116,1,550,175407994,1080,02260A74837A0438,,,,,,,,,,,,,350000,,,,19990529,"US,US,graph,chart 11322"
2981,2,2,116,1,550,175411468,1080,02260A74910C0438,,,,,,,,,,,,,350000,,,,19990529,"US,US,graph,chart 11322"
2982,2,2,116,1,550,175411510,1080,02260A7491360438,,,,,,,,,,,,,350000,,,,19990529,"US,US,graph,chart 11322"
2983,2,2,116,1,550,175411552,1080,02260A7491600438,,,,,,,,,,,,,350000,,,,19990529,"US,US,graph,chart 11322"
2984,2,2,116,1,550,175411565,1080,02260A74916D0438,,,,,,,,,,,,,350000,,,,19990529,"US,US,graph,chart 11322"
2985,2,2,116,1,550,175411579,1080,02260A74917B0438,,,,,,,,,,,,,350000,,,,19990529,"US,US,graph,chart 11322"
2986,2,2,116,1,550,175411593,1080,02260A7491890438,,,,,,,,,,,,,350000,,,,19990529,"US,US,graph,chart 11322"
2987,2,2,116,1,550,175411607,1080,02260A7491970438,,,,,,,,,,,,,350000,,,,19990529,"US,US,graph,chart 11322"
2988,2,2,116,1,550,175411620,1080,02260A7491A40438,,,,,,,,,,,,,350000,,,,19990529,"US,US,graph,chart 11322"
2989,2,2,116,1,550,175411634,1080,02260A7491B20438,,,,,,,F M 523,,,,,,350000,,,,19990529,"US,US,graph,chart 11322"
2990,2,2,116,1,550,175411648,1080,02260A7491C00438,,,,,,,,,,,,,350000,,,,19990529,"US,US,graph,chart 11322"
2991,2,2,116,1,550,175411662,1080,02260A7491CE0438,,,,,,,,,,,,,350000,,,,19990529,"US,US,graph,chart 11322"
2992,2,2,116,1,550,175411675,1080,02260A7491DB0438,,,,,,,,,,,,,350000,,,,19990529,"US,US,graph,chart 11322"
2993,2,2,116,1,550,175411689,1080,02260A7491E90438,,,,,,,,,,,,,350000,,,,19990529,"US,US,graph,chart 11322"
2994,2,2,116,1,550,175411703,1080,02260A7491F70438,,,,,,,,,,,,,350000,,,,19990529,"US,US,graph,chart 11322"
2995,2,2,116,1,550,175411717,1080,02260A7492050438,,,,,,,,,,,,,350000,,,,19990529,"US,US,graph,chart 11322"
2996,2,2,116,1,550,175411745,1080,02260A7492210438,,,,,,,,,,,,,350000,,,,19990529,"US,US,graph,chart 11322"
2997,2,2,116,1,550,175411934,1080,02260A7492DE0438,,,,,,,,,,,,,350000,,,,19990529,"US,US,graph,chart 11322"
2998,2,2,116,1,550,175411948,1080,02260A7492EC0438,,,,,,,,,,,,,350000,,,,19990529,"US,US,graph,chart 11322"
2999,2,2,116,1,550,175411961,1080,02260A7492F90438,,,,,,,,,,,,,350000,,,,19990529,"US,US,graph,chart 11322"
3000,2,2,116,1,550,175411975,1080,02260A7493070438,,,,,,,,,,,,,350000,,,,19990529,"US,US,graph,chart 11322"
3001,2,2,116,1,550,175412017,1080,02260A7493310438,,,,,,,,,,,,,350000,,,,19990529,"US,US,graph,chart 11322"
3002,2,2,116,1,550,175412031,1080,02260A74933F0438,,,,,,,,,,,,,350000,,,,19990529,"US,US,graph,chart 11322"
3003,2,2,116,1,550,175412045,1080,02260A74934D0438,,,,,,,,,,,,,350000,,,,19990529,"US,US,graph,chart 11322"
3004,2,2,116,1,550,175412058,1080,02260A74935A0438,,,,,,,,,,,,,350000,,,,19990529,"US,US,graph,chart 11322"
3005,2,2,116,1,550,175412102,1080,02260A7493860438,,,,,,,,,,,,,350000,,,,19990529,"US,US,graph,chart 11322"
3006,2,2,116,1,550,175412157,1080,02260A7493BD0438,,,,,,,,,,,,,350000,,,,19990529,"US,US,graph,chart 11322"
3007,2,2,116,1,550,175412171,1080,02260A7493CB0438,,,,,,,,,,,,,350000,,,,19990529,"US,US,graph,chart 11322"
3008,2,2,116,1,550,175412184,1080,02260A7493D80438,,,,,,,,,,,,,350000,,,,19990529,"US,US,graph,chart 11322"
3009,2,2,116,1,550,175412198,1080,02260A7493E60438,,,,,,,,,,,,,350000,,,,19990529,"US,US,graph,chart 11322"
3010,2,2,116,1,550,175412212,1080,02260A7493F40438,,,,,,,,,,,,,350000,,,,19990529,"US,US,graph,chart 11322"
3011,2,2,116,1,550,175412343,1080,02260A7494770438,,,,,,,,,,,,,350000,,,,19990529,"US,US,graph,chart 11322"
3012,2,2,116,1,550,175412553,1080,02260A7495490438,,,,,,,,,,,,,350000,,,,19990529,"US,US,graph,chart 11322"
3013,2,2,116,1,550,175412631,1080,02260A7495970438,,,,,,,,,,,,,350000,,,,19990529,"US,US,graph,chart 11322"
3014,2,2,116,1,550,175412764,1080,02260A74961C0438,,,,,,,,,,,,,350000,,,,19990529,"US,US,graph,chart 11322"
3015,2,2,116,1,550,175412779,1080,02260A74962B0438,,,,,,,,,,,,,350000,,,,19990529,"US,US,graph,chart 11322"
3016,2,2,116,1,550,175412811,1080,02260A74964B0438,,,,,,,,,,,,,350000,,,,19990529,"US,US,graph,chart 11322"
3017,2,2,116,1,550,175412826,1080,02260A74965A0438,,,,,,,,,,,,,350000,,,,19990529,"US,US,graph,chart 11322"
3018,2,2,116,1,550,175412871,1080,02260A7496870438,,,,,,,,,,,,,350000,,,,19990529,"US,US,graph,chart 11322"
3019,2,2,116,1,550,175412977,1080,02260A7496F10438,,,,,,,,,,,,,350000,,,,19990529,"US,US,graph,chart 11322"
3020,2,2,116,1,550,175413008,1080,02260A7497100438,,,,,,,,,,,,,350000,,,,19990529,"US,US,graph,chart 11322"
3021,2,2,116,1,550,175413022,1080,02260A74971E0438,,,,,,,,,,,,,350000,,,,19990529,"US,US,graph,chart 11322"
3022,2,2,116,1,550,175413037,1080,02260A74972D0438,,,,,,,,,,,,,350000,,,,19990529,"US,US,graph,chart 11322"
3023,2,2,116,1,550,175413052,1080,02260A74973C0438,,,,,,,,,,,,,350000,,,,19990529,"US,US,graph,chart 11322"
3024,2,2,116,1,550,175413067,1080,02260A74974B0438,,,,,,,,,,,,,350000,,,,19990529,"US,US,graph,chart 11322"
3025,2,2,116,1,550,175413082,1080,02260A74975A0438,,,,,,,,,,,,,350000,,,,19990529,"US,US,graph,chart 11322"
3026,2,2,116,1,550,175413156,1080,02260A7497A40438,,,,,,,,,,,,,350000,,,,19990529,"US,US,graph,chart 11322"
3027,2,2,116,1,550,175413346,1080,02260A7498620438,,,,,,,,,,,,,350000,,,,19990529,"US,US,graph,chart 11322"
3028,2,2,116,1,550,175413403,1080,02260A74989B0438,,,,,,,,,,,,,350000,,,,19990529,"US,US,graph,chart 11322"
3029,2,2,116,1,550,175413419,1080,02260A7498AB0438,,,,,,,,,,,,,350000,,,,19990529,"US,US,graph,chart 11322"
3030,2,2,116,1,550,175413436,1080,02260A7498BC0438,,,,,,,,,,,,,350000,,,,19990529,"US,US,graph,chart 11322"
3031,2,2,116,1,550,175413452,1080,02260A7498CC0438,,,,,,,,,,,,,350000,,,,19990529,"US,US,graph,chart 11322"
3032,2,2,116,1,550,175413470,1080,02260A7498DE0438,,,,,,,,,,,,,350000,,,,19990529,"US,US,graph,chart 11322"
3033,2,2,116,1,550,175413496,1080,02260A7498F80438,,,,,,,,,,,,,350000,,,,19990529,"US,US,graph,chart 11322"
3034,2,2,116,1,550,175413510,1080,02260A7499060438,,,,,,,,,,,,,350000,,,,19990529,"US,US,graph,chart 11322"
3035,2,2,116,1,550,175413524,1080,02260A7499140438,,,,,,,,,,,,,350000,,,,19990529,"US,US,graph,chart 11322"
3036,2,2,116,1,550,175413562,1080,02260A74993A0438,,,,,,,,,,,,,350000,,,,19990529,"US,US,graph,chart 11322"
3037,2,2,116,1,550,175413601,1080,02260A7499610438,,,,,,,,,,,,,350000,,,,19990529,"US,US,graph,chart 11322"
3038,2,2,116,1,550,175413636,1080,02260A7499840438,,,,,,,,,,,,,350000,,,,19990529,"US,US,graph,chart 11322"
3039,2,2,116,1,550,175413676,1080,02260A7499AC0438,,,,,,,,,,,,,350000,,,,19990529,"US,US,graph,chart 11322"
3040,2,2,116,1,550,175413735,1080,02260A7499E70438,,,,,,,,,,,,,350000,,,,19990529,"US,US,graph,chart 11322"
3041,2,2,116,1,550,175413813,1080,02260A749A350438,,,,,,,,,,,,,350000,,,,19990529,"US,US,graph,chart 11322"
3042,2,2,116,1,550,175413828,1080,02260A749A440438,,,,,,,,,,,,,350000,,,,19990529,"US,US,graph,chart 11322"
3043,2,2,116,1,550,175413843,1080,02260A749A530438,,,,,,,,,,,,,350000,,,,19990529,"US,US,graph,chart 11322"
3044,2,2,116,1,550,175413876,1080,02260A749A740438,,,,,,,,,,,,,350000,,,,19990529,"US,US,graph,chart 11322"
3045,2,2,116,1,550,175413907,1080,02260A749A930438,,,,,,,,,,,,,350000,,,,19990529,"US,US,graph,chart 11322"
3046,2,2,116,1,550,175415426,1080,02260A74A0820438,,,,,,,,,,,,,350000,,,,19990529,"US,US,graph,chart 11322"
3047,2,2,116,1,550,175415456,1080,02260A74A0A00438,,,,,,,,,,,,,350000,,,,19990529,"US,US,graph,chart 11322"
3048,2,2,116,1,550,175415470,1080,02260A74A0AE0438,,,,,,,,,,,,,350000,,,,19990529,"US,US,graph,chart 11322"
3049,2,2,116,1,550,175415486,1080,02260A74A0BE0438,,,,,,,,,,,,,350000,,,,19990529,"US,US,graph,chart 11322"
3050,2,2,116,1,550,175415501,1080,02260A74A0CD0438,,,,,,,,,,,,,350000,,,,19990529,"US,US,graph,chart 11322"
3051,2,2,116,1,550,175415531,1080,02260A74A0EB0438,,,,,,,,,,,,,350000,,,,19990529,"US,US,graph,chart 11322"
3052,2,2,116,1,550,175415563,1080,02260A74A10B0438,,,,,,,,,,,,,350000,,,,19990529,"US,US,graph,chart 11322"
3053,2,2,116,1,550,175415593,1080,02260A74A1290438,,,,,,,,,,,,,350000,,,,19990529,"US,US,graph,chart 11322"
3054,2,2,116,1,550,175415608,1080,02260A74A1380438,,,,,,,,,,,,,350000,,,,19990529,"US,US,graph,chart 11322"
3055,2,2,116,1,550,175415623,1080,02260A74A1470438,,,,,,,,,,,,,350000,,,,19990529,"US,US,graph,chart 11322"
3056,2,2,116,1,550,175415639,1080,02260A74A1570438,,,,,,,,,,,,,350000,,,,19990529,"US,US,graph,chart 11322"
3057,2,2,116,1,550,175415668,1080,02260A74A1740438,,,,,,,,,,,,,350000,,,,19990529,"US,US,graph,chart 11322"
3058,2,2,116,1,550,175415683,1080,02260A74A1830438,,,,,,,,,,,,,350000,,,,19990529,"US,US,graph,chart 11322"
3059,2,2,116,1,550,175415714,1080,02260A74A1A20438,,,,,,,,,,,,,350000,,,,19990529,"US,US,graph,chart 11322"
3060,2,2,116,1,550,175415744,1080,02260A74A1C00438,,,,,,,,,,,,,350000,,,,19990529,"US,US,graph,chart 11322"
3061,2,2,116,1,550,175415758,1080,02260A74A1CE0438,,,,,,,,,,,,,350000,,,,19990529,"US,US,graph,chart 11322"
3062,2,2,116,1,550,175415797,1080,02260A74A1F50438,,,,,,,,,,,,,350000,,,,19990529,"US,US,graph,chart 11322"
3063,2,2,116,1,550,175415814,1080,02260A74A2060438,,,,,,,,,,,,,350000,,,,19990529,"US,US,graph,chart 11322"
3064,2,2,116,1,550,175415831,1080,02260A74A2170438,,,,,,,,,,,,,350000,,,,19990529,"US,US,graph,chart 11322"
3065,2,2,116,1,550,175415847,1080,02260A74A2270438,,,,,,,,,,,,,350000,,,,19990529,"US,US,graph,chart 11322"
3066,2,2,116,1,550,175415862,1080,02260A74A2360438,,,,,,,,,,,,,350000,,,,19990529,"US,US,graph,chart 11322"
3067,2,2,116,1,550,175415877,1080,02260A74A2450438,,,,,,,,,,,,,350000,,,,19990529,"US,US,graph,chart 11322"
3068,2,2,116,1,550,175415938,1080,02260A74A2820438,,,,,,,,,,,,,350000,,,,19990529,"US,US,graph,chart 11322"
3069,2,2,116,1,550,175415954,1080,02260A74A2920438,,,,,,,,,,,,,350000,,,,19990529,"US,US,graph,chart 11322"
3070,2,2,116,1,550,175415970,1080,02260A74A2A20438,,,,,,,,,,,,,350000,,,,19990529,"US,US,graph,chart 11322"
3071,2,2,116,1,550,175416029,1080,02260A74A2DD0438,,,,,,,,,,,,,350000,,,,19990529,"US,US,graph,chart 11322"
3072,2,2,116,1,550,175416046,1080,02260A74A2EE0438,,,,,,,,,,,,,350000,,,,19990529,"US,US,graph,chart 11322"
3073,2,2,116,1,550,175416157,1080,02260A74A35D0438,,,,,,,,,,,,,350000,,,,19990529,"US,US,graph,chart 11322"
3074,2,2,116,1,550,175416191,1080,02260A74A37F0438,,,,,,,,,,,,,350000,,,,19990529,"US,US,graph,chart 11322"
3075,2,2,116,1,550,175416221,1080,02260A74A39D0438,,,,,,,,,,,,,350000,,,,19990529,"US,US,graph,chart 11322"
3076,2,2,116,1,550,175416237,1080,02260A74A3AD0438,,,,,,,,,,,,,350000,,,,19990529,"US,US,graph,chart 11322"
3077,2,2,116,1,550,175417082,1080,02260A74A6FA0438,,,,,,,,,,,,,350000,,,,19990529,"US,US,graph,chart 11322"
3078,2,2,116,1,550,175417096,1080,02260A74A7080438,,,,,,,,,,,,,350000,,,,19990529,"US,US,graph,chart 11322"
3079,2,2,116,1,550,175417123,1080,02260A74A7230438,,,,,,,,,,,,,350000,,,,19990529,"US,US,graph,chart 11322"
3080,2,2,116,1,550,175417137,1080,02260A74A7310438,,,,,,,,,,,,,350000,,,,19990529,"US,US,graph,chart 11322"
3081,2,2,116,1,550,175417182,1080,02260A74A75E0438,,,,,,,,,,,,,350000,,,,19990529,"US,US,graph,chart 11322"
3082,2,2,116,1,550,175417210,1080,02260A74A77A0438,,,,,,,,,,,,,350000,,,,19990529,"US,US,graph,chart 11322"
3083,2,2,116,1,550,175417437,1080,02260A74A85D0438,,,,,,,,,,,,,350000,,,,19990529,"US,US,graph,chart 11322"
3084,2,2,116,1,550,175417450,1080,02260A74A86A0438,,,,,,,,,,,,,350000,,,,19990529,"US,US,graph,chart 11322"
3085,2,2,116,1,550,175417507,1080,02260A74A8A30438,,,,,,,,,,,,,350000,,,,19990529,"US,US,graph,chart 11322"
3086,2,2,116,1,550,175417520,1080,02260A74A8B00438,,,,,,,,,,,,,350000,,,,19990529,"US,US,graph,chart 11322"
3087,2,2,116,1,550,175417535,1080,02260A74A8BF0438,,,,,,,,,,,,,350000,,,,19990529,"US,US,graph,chart 11322"
3088,2,2,116,1,550,175417564,1080,02260A74A8DC0438,,,,,,,,,,,,,350000,,,,19990529,"US,US,graph,chart 11322"
3089,2,2,116,1,550,175417577,1080,02260A74A8E90438,,,,,,,,,,,,,350000,,,,19990529,"US,US,graph,chart 11322"
3090,2,2,116,1,550,175417634,1080,02260A74A9220438,,,,,,,,,,,,,350000,,,,19990529,"US,US,graph,chart 11322"
3091,2,2,116,1,550,175418541,1080,02260A74ACAD0438,,,,,,,,,,,,,350000,,,,19990529,"US,US,graph,chart 11322"
3092,2,2,116,1,550,175435761,1080,02260A74EFF10438,,,,,,,,,,,,,350000,,,,19990529,"US,US,graph,chart 11322"
3093,2,2,116,1,550,175435775,1080,02260A74EFFF0438,,,,,,,,,,,,,350000,,,,19990529,"US,US,graph,chart 11322"
3094,2,2,116,1,550,175435791,1080,02260A74F00F0438,,,,,,,,,,,,,350000,,,,19990529,"US,US,graph,chart 11322"
3095,2,2,116,1,550,175435822,1080,02260A74F02E0438,,,,,,,,,,,,,350000,,,,19990529,"US,US,graph,chart 11322"
3096,2,2,116,1,550,175435837,1080,02260A74F03D0438,,,,,,,,,,,,,350000,,,,19990529,"US,US,graph,chart 11322"
3097,2,2,116,1,550,175435852,1080,02260A74F04C0438,,,,,,,,,,,,,350000,,,,19990529,"US,US,graph,chart 11322"
3098,2,2,116,1,550,175435868,1080,02260A74F05C0438,,,,,,,,,,,,,350000,,,,19990529,"US,US,graph,chart 11322"
3099,2,2,116,1,550,175435882,1080,02260A74F06A0438,,,,,,,,,,,,,350000,,,,19990529,"US,US,graph,chart 11322"
3100,2,2,116,1,550,175435939,1080,02260A74F0A30438,,,,,,,,,,,,,350000,,,,19990529,"US,US,graph,chart 11322"
3101,2,2,116,1,550,175435956,1080,02260A74F0B40438,,,,,,,,,,,,,350000,,,,19990529,"US,US,graph,chart 11322"
3102,2,2,116,1,550,175435991,1080,02260A74F0D70438,,,,,,,,,,,,,350000,,,,19990529,"US,US,graph,chart 11322"
3103,2,2,116,1,550,175436007,1080,02260A74F0E70438,,,,,,,,,,,,,350000,,,,19990529,"US,US,graph,chart 11322"
3104,2,2,116,1,550,175436022,1080,02260A74F0F60438,,,,,,,,,,,,,350000,,,,19990529,"US,US,graph,chart 11322"
3105,2,2,116,1,550,175436070,1080,02260A74F1260438,,,,,,,,,,,,,350000,,,,19990529,"US,US,graph,chart 11322"
3106,2,2,116,1,550,175436084,1080,02260A74F1340438,,,,,,,,,,,,,350000,,,,19990529,"US,US,graph,chart 11322"
3107,2,2,116,1,550,175436166,1080,02260A74F1860438,,,,,,,,,,,,,350000,,,,19990529,"US,US,graph,chart 11322"
3108,2,2,116,1,550,175436182,1080,02260A74F1960438,,,,,,,,,,,,,350000,,,,19990529,"US,US,graph,chart 11322"
3109,2,2,116,1,550,175436198,1080,02260A74F1A60438,,,,,,,,,,,,,350000,,,,19990529,"US,US,graph,chart 11322"
3110,2,2,116,1,550,175436214,1080,02260A74F1B60438,,,,,,,,,,,,,350000,,,,19990529,"US,US,graph,chart 11322"
3111,2,2,116,1,550,175436230,1080,02260A74F1C60438,,,,,,,,,,,,,350000,,,,19990529,"US,US,graph,chart 11322"
3112,2,2,116,1,550,175436308,1080,02260A74F2140438,,,,,,,,,,,,,350000,,,,19990529,"US,US,graph,chart 11322"
3113,2,2,116,1,550,175436357,1080,02260A74F2450438,,,,,,,,,,,,,350000,,,,19990529,"US,US,graph,chart 11322"
3114,2,2,116,1,550,175436390,1080,02260A74F2660438,,,,,,,,,,,,,350000,,,,19990529,"US,US,graph,chart 11322"
3115,2,2,116,1,550,175436456,1080,02260A74F2A80438,,,,,,,,,,,,,350000,,,,19990529,"US,US,graph,chart 11322"
3116,2,2,116,1,550,175436488,1080,02260A74F2C80438,,,,,,,,,,,,,350000,,,,19990529,"US,US,graph,chart 11322"
3117,2,2,116,1,550,175436503,1080,02260A74F2D70438,,,,,,,,,,,,,350000,,,,19990529,"US,US,graph,chart 11322"
3118,2,2,116,1,550,175436519,1080,02260A74F2E70438,,,,,,,,,,,,,350000,,,,19990529,"US,US,graph,chart 11322"
3119,2,2,116,1,550,175436536,1080,02260A74F2F80438,,,,,,,,,,,,,350000,,,,19990529,"US,US,graph,chart 11322"
3120,2,2,116,1,550,175436551,1080,02260A74F3070438,,,,,,,,,,,,,350000,,,,19990529,"US,US,graph,chart 11322"
3121,2,2,116,1,550,175436567,1080,02260A74F3170438,,,,,,,,,,,,,350000,,,,19990529,"US,US,graph,chart 11322"
3122,2,2,116,1,550,175436583,1080,02260A74F3270438,,,,,,,,,,,,,350000,,,,19990529,"US,US,graph,chart 11322"
3123,2,2,116,1,550,175436599,1080,02260A74F3370438,,,,,,,,,,,,,350000,,,,19990529,"US,US,graph,chart 11322"
3124,2,2,116,1,550,175436696,1080,02260A74F3980438,,,,,,,,,,,,,350000,,,,19990529,"US,US,graph,chart 11322"
3125,2,2,116,1,550,175436743,1080,02260A74F3C70438,,,,,,,,,,,,,350000,,,,19990529,"US,US,graph,chart 11322"
3126,2,2,116,1,550,175436806,1080,02260A74F4060438,,,,,,,,,,,,,350000,,,,19990529,"US,US,graph,chart 11322"
3127,2,2,116,1,550,175436822,1080,02260A74F4160438,,,,,,,,,,,,,350000,,,,19990529,"US,US,graph,chart 11322"
3128,2,2,116,1,550,175436838,1080,02260A74F4260438,,,,,,,,,,,,,350000,,,,19990529,"US,US,graph,chart 11322"
3129,2,2,116,1,550,175436854,1080,02260A74F4360438,,,,,,,,,,,,,350000,,,,19990529,"US,US,graph,chart 11322"
3130,2,2,116,1,550,175436870,1080,02260A74F4460438,,,,,,,,,,,,,350000,,,,19990529,"US,US,graph,chart 11322"
3131,2,2,116,1,550,175436885,1080,02260A74F4550438,,,,,,,,,,,,,350000,,,,19990529,"US,US,graph,chart 11322"
3132,2,2,116,1,550,175436900,1080,02260A74F4640438,,,,,,,,,,,,,350000,,,,19990529,"US,US,graph,chart 11322"
3133,2,2,116,1,550,175436914,1080,02260A74F4720438,,,,,,,,,,,,,350000,,,,19990529,"US,US,graph,chart 11322"
3134,2,2,116,1,550,175436930,1080,02260A74F4820438,,,,,,,,,,,,,350000,,,,19990529,"US,US,graph,chart 11322"
3135,2,2,116,1,550,175436964,1080,02260A74F4A40438,,,,,,,F M 523,,,,,,350000,,,,19990529,"US,US,graph,chart 11322"
3136,2,2,116,1,550,175436996,1080,02260A74F4C40438,,,,,,,,,,,,,350000,,,,19990529,"US,US,graph,chart 11322"
3137,2,2,116,1,550,175437026,1080,02260A74F4E20438,,,,,,,,,,,,,350000,,,,19990529,"US,US,graph,chart 11322"
3138,2,2,116,1,550,175437057,1080,02260A74F5010438,,,,,,,,,,,,,350000,,,,19990529,"US,US,graph,chart 11322"
3139,2,2,116,1,550,175437199,1080,02260A74F58F0438,,,,,,,,,,,,,350000,,,,19990529,"US,US,graph,chart 11322"
3140,2,2,116,1,550,175437215,1080,02260A74F59F0438,,,,,,,,,,,,,350000,,,,19990529,"US,US,graph,chart 11322"
3141,2,2,116,1,550,175437261,1080,02260A74F5CD0438,,,,,,,,,,,,,350000,,,,19990529,"US,US,graph,chart 11322"
3142,2,2,116,1,550,175437294,1080,02260A74F5EE0438,,,,,,,332,,,,,,350000,,,,19990529,"US,US,graph,chart 11322"
3143,2,2,116,1,550,175437326,1080,02260A74F60E0438,,,,,,,,,,,,,350000,,,,19990529,"US,US,graph,chart 11322"
3144,2,2,116,1,550,175437388,1080,02260A74F64C0438,,,,,,,,,,,,,350000,,,,19990529,"US,US,graph,chart 11322"
3145,2,2,116,1,550,175437403,1080,02260A74F65B0438,,,,,,,,,,,,,350000,,,,19990529,"US,US,graph,chart 11322"
3146,2,2,116,1,550,175437418,1080,02260A74F66A0438,,,,,,,,,,,,,350000,,,,19990529,"US,US,graph,chart 11322"
3147,2,2,116,1,550,175437433,1080,02260A74F6790438,,,,,,,,,,,,,350000,,,,19990529,"US,US,graph,chart 11322"
3148,2,2,116,1,550,175437675,1080,02260A74F76B0438,,,,,,,,,,,,,350000,,,,19990529,"US,US,graph,chart 11322"
3149,2,2,116,1,550,175437690,1080,02260A74F77A0438,,,,,,,,,,,,,350000,,,,19990529,"US,US,graph,chart 11322"
3150,2,2,116,1,550,175437722,1080,02260A74F79A0438,,,,,,,,,,,,,350000,,,,19990529,"US,US,graph,chart 11322"
3151,2,2,116,1,550,175437738,1080,02260A74F7AA0438,,,,,,,,,,,,,350000,,,,19990529,"US,US,graph,chart 11322"
3152,2,2,116,1,550,175437752,1080,02260A74F7B80438,,,,,,,,,,,,,350000,,,,19990529,"US,US,graph,chart 11322"
3153,2,2,116,1,550,175437768,1080,02260A74F7C80438,,,,,,,,,,,,,350000,,,,19990529,"US,US,graph,chart 11322"
3154,2,2,116,1,550,175437831,1080,02260A74F8070438,,,,,,,,,,,,,350000,,,,19990529,"US,US,graph,chart 11322"
3155,2,2,116,1,550,175439003,1080,02260A74FC9B0438,,,,,,,,,,,,,350000,,,,19990529,"US,US,graph,chart 11322"
3156,2,2,116,1,550,175439087,1080,02260A74FCEF0438,,,,,,,,,,,,,350000,,,,19990529,"US,US,graph,chart 11322"
3157,2,2,116,1,550,175439104,1080,02260A74FD000438,,,,,,,,,,,,,350000,,,,19990529,"US,US,graph,chart 11322"
3158,2,2,116,1,550,175439136,1080,02260A74FD200438,,,,,,,,,,,,,350000,,,,19990529,"US,US,graph,chart 11322"
3159,2,2,116,1,550,175439236,1080,02260A74FD840438,,,,,,,,,,,,,350000,,,,19990529,"US,US,graph,chart 11322"
3160,2,2,116,1,550,175439327,1080,02260A74FDDF0438,,,,,,,,,,,,,350000,,,,19990529,"US,US,graph,chart 11322"
3161,2,2,116,1,550,175448976,1080,02260A7523900438,,,,,,,,,,,,,350000,,,,19990529,"US,US,graph,chart 11322"
3162,2,2,116,1,550,175449057,1080,02260A7523E10438,,,,,,,,,,,,,350000,,,,19990529,"US,US,graph,chart 11322"
3163,2,2,116,1,550,175449072,1080,02260A7523F00438,,,,,,,,,,,,,350000,,,,19990529,"US,US,graph,chart 11322"
3164,2,2,116,1,550,175449086,1080,02260A7523FE0438,,,,,,,,,,,,,350000,,,,19990529,"US,US,graph,chart 11322"
3165,2,2,116,1,550,175449101,1080,02260A75240D0438,,,,,,,,,,,,,350000,,,,19990529,"US,US,graph,chart 11322"
3166,2,2,116,1,550,175449116,1080,02260A75241C0438,,,,,,,,,,,,,350000,,,,19990529,"US,US,graph,chart 11322"
3167,2,2,116,1,550,175449559,1080,02260A7525D70438,,,,,,,,,,,,,350000,,,,19990529,"US,US,graph,chart 11322"
3168,2,2,116,1,550,175449574,1080,02260A7525E60438,,,,,,,,,,,,,350000,,,,19990529,"US,US,graph,chart 11322"
3169,2,2,116,1,550,175449894,1080,02260A7527260438,,,,,,,,,,,,,350000,,,,19990529,"US,US,graph,chart 11322"
3170,2,2,116,1,550,175449909,1080,02260A7527350438,,,,,,,,,,,,,350000,,,,19990529,"US,US,graph,chart 11322"
3171,2,2,116,1,550,234715351,1133,02260DFD78D7046D,,,,,,,,,,,,,350000,,,,19990529,"US,US,graph,chart 11322"
