RCID,PRIM,GRUP,OBJL,RVER,AGEN,FIDN,FIDS,LNAM,LNAM_REFS,FFPT_RIND,CATSLC,COLOUR,COLPAT,CONDTN,CONRAD,CONVIS,DATEND,DATSTA,HEIGHT,HORACC,HORCLR,HORLEN,HORWID,NATCON,NOBJNM,OBJNAM,STATUS,VERACC,VERDAT,VERLEN,WATLEV,INFORM,NINFOM,NTXTDS,SCAMAX,SCAMIN,TXTDSC,RECDAT,RECIND,SORDAT,SORIND
3205,2,2,122,1,550,175443424,1080,02260A750DE00438,,,4,,,,,,,,,,,,,,,,,,,,2,,,,,500000,,,,19990529,"US,US,graph,chart 11322"
3206,2,2,122,1,550,175443548,1080,02260A750E5C0438,,,4,,,,,,,,,,,,,,,,,,,,2,,,,,500000,,,,19990529,"US,US,graph,chart 11322"
3207,2,2,122,1,550,175423057,1080,02260A74BE510438,,,10,,,,,,,,,,,,,,,,,,,,2,,,,,500000,,,,19990529,"US,US,graph,chart 11322"
3208,2,2,122,1,550,175423087,1080,02260A74BE6F0438,,,4,,,,,,,,,,,,,,,,,,,,2,,,,,500000,,,,19990529,"US,US,graph,chart 11322"
3209,2,2,122,1,550,175423102,1080,02260A74BE7E0438,,,4,,,,,,,,,,,,,,,,,,,,2,,,,,500000,,,,19990529,"US,US,graph,chart 11322"
3210,2,2,122,1,550,175423116,1080,02260A74BE8C0438,,,4,,,,,,,,,,,,,,,,,,,,2,,,,,500000,,,,19990529,"US,US,graph,chart 11322"
3211,2,2,122,1,550,175423132,1080,02260A74BE9C0438,,,4,,,,,,,,,,,,,,,,,,,,2,,,,,500000,,,,19990529,"US,US,graph,chart 11322"
3212,2,2,122,1,550,175434177,1080,02260A74E9C10438,,,10,,,,,,,,,,,,,,,,,,,,2,,,,,500000,,,,19990529,"US,US,graph,chart 11322"
3213,2,2,122,1,550,175434243,1080,02260A74EA030438,,,10,,,,,,,,,,,,,,,,,,,,2,,,,,500000,,,,19990529,"US,US,graph,chart 11322"
3214,2,2,122,1,550,175434276,1080,02260A74EA240438,,,10,,,,,,,,,,,,,,,,,,,,2,,,,,500000,,,,19990529,"US,US,graph,chart 11322"
3215,2,2,122,1,550,175434292,1080,02260A74EA340438,,,10,,,,,,,,,,,,,,,,,,,,2,,,,,500000,,,,19990529,"US,US,graph,chart 11322"
3216,2,2,122,1,550,175434357,1080,02260A74EA750438,,,4,,,,,,,,,,,,,,,,,,,,2,,,,,500000,,,,19990529,"US,US,graph,chart 11322"
3217,2,2,122,1,550,175434374,1080,02260A74EA860438,,,10,,,,,,,,,,,,,,,,,,,,2,,,,,500000,,,,19990529,"US,US,graph,chart 11322"
3218,2,2,122,1,550,175434452,1080,02260A74EAD40438,,,4,,,,,,,,,,,,,,,,,,,,2,,,,,500000,,,,19990529,"US,US,graph,chart 11322"
3219,2,2,122,1,550,175434468,1080,02260A74EAE40438,,,4,,,,,,,,,,,,,,,,,,,,2,,,,,500000,,,,19990529,"US,US,graph,chart 11322"
3220,2,2,122,1,550,175434484,1080,02260A74EAF40438,,,10,,,,,,,,,,,,,,,,,,,,2,,,,,500000,,,,19990529,"US,US,graph,chart 11322"
3221,2,2,122,1,550,175434501,1080,02260A74EB050438,,,10,,,,,,,,,,,,,,,,,,,,2,,,,,500000,,,,19990529,"US,US,graph,chart 11322"
3222,2,2,122,1,550,175434601,1080,02260A74EB690438,,,4,,,,,,,,,,,,,,,,,,,,2,,,,,500000,,,,19990529,"US,US,graph,chart 11322"
3223,2,2,122,1,550,175434617,1080,02260A74EB790438,,,10,,,,,,,,,,,,,,,,,,,,2,,,,,500000,,,,19990529,"US,US,graph,chart 11322"
3224,2,2,122,1,550,175434632,1080,02260A74EB880438,,,10,,,,,,,,,,,,,,,,,,,,2,,,,,500000,,,,19990529,"US,US,graph,chart 11322"
3225,2,2,122,1,550,175434648,1080,02260A74EB980438,,,4,,,,,,,,,,,,,,,,,,,,2,,,,,500000,,,,19990529,"US,US,graph,chart 11322"
3226,2,2,122,1,550,175434665,1080,02260A74EBA90438,,,4,,,,,,,,,,,,,,,,,,,,2,,,,,500000,,,,19990529,"US,US,graph,chart 11322"
3227,2,2,122,1,550,175434681,1080,02260A74EBB90438,,,10,,,,,,,,,,,,,,,,,,,,2,,,,,500000,,,,19990529,"US,US,graph,chart 11322"
3228,2,2,122,1,550,175434697,1080,02260A74EBC90438,,,10,,,,,,,,,,,,,,,,,,,,2,,,,,500000,,,,19990529,"US,US,graph,chart 11322"
3229,2,2,122,1,550,175434714,1080,02260A74EBDA0438,,,4,,,,,,,,,,,,,,,,,,,,2,,,,,500000,,,,19990529,"US,US,graph,chart 11322"
3230,2,2,122,1,550,175434779,1080,02260A74EC1B0438,,,4,,,,,,,,,,,,,,,,,,,,2,,,,,500000,,,,19990529,"US,US,graph,chart 11322"
3231,2,2,122,1,550,175434795,1080,02260A74EC2B0438,,,4,,,,,,,,,,,,,,,,,,,,2,,,,,500000,,,,19990529,"US,US,graph,chart 11322"
3232,2,2,122,1,550,175434812,1080,02260A74EC3C0438,,,10,,,,,,,,,,,,,,,,,,,,2,,,,,500000,,,,19990529,"US,US,graph,chart 11322"
3233,2,2,122,1,550,175434829,1080,02260A74EC4D0438,,,4,,,,,,,,,,,,,,,,,,,,2,,,,,500000,,,,19990529,"US,US,graph,chart 11322"
3234,2,2,122,1,550,175434908,1080,02260A74EC9C0438,,,10,,,,,,,,,,,,,,,,,,,,2,,,,,500000,,,,19990529,"US,US,graph,chart 11322"
3235,2,2,122,1,550,175418582,1080,02260A74ACD60438,,,4,,,,,,,,,,,,,,,,,,,,2,,,,,500000,,,,19990529,"US,US,graph,chart 11322"
3236,2,2,122,1,550,175418688,1080,02260A74AD400438,,,10,,,,,,,,,,,,,,,,,,,,2,,,,,500000,,,,19990529,"US,US,graph,chart 11322"
3237,2,2,122,1,550,175420860,1080,02260A74B5BC0438,,,4,,,,,,,,,,,,,,,,,,,,2,,,,,500000,,,,19990529,"US,US,graph,chart 11322"
3238,2,2,122,1,550,175422212,1080,02260A74BB040438,,,10,,,,,,,,,,,,,,,,,,,,2,,,,,500000,,,,19990529,"US,US,graph,chart 11322"
3239,2,2,122,1,550,175422227,1080,02260A74BB130438,,,10,,,,,,,,,,,,,,,,,,,,2,,,,,500000,,,,19990529,"US,US,graph,chart 11322"
3240,2,2,122,1,550,175422273,1080,02260A74BB410438,,,10,,,,,,,,,,,,,,,,,,,,2,,,,,500000,,,,19990529,"US,US,graph,chart 11322"
3241,2,2,122,1,550,175422360,1080,02260A74BB980438,,,4,,,,,,,,,,,,,,,,,,,,2,,,,,500000,,,,19990529,"US,US,graph,chart 11322"
3242,2,2,122,1,550,175422389,1080,02260A74BBB50438,,,10,,,,,,,,,,,,,,,,,,,,2,,,,,500000,,,,19990529,"US,US,graph,chart 11322"
3243,2,2,122,1,550,175422528,1080,02260A74BC400438,,,10,,,,,,,,,,,,,,,,,,,,2,,,,,500000,,,,19990529,"US,US,graph,chart 11322"
3244,2,2,122,1,550,175423028,1080,02260A74BE340438,,,10,,,,,,,,,,,,,,,,,,,,2,,,,,500000,,,,19990529,"US,US,graph,chart 11322"
3245,3,2,122,1,550,175374795,1080,02260A7401CB0438,,,4,,,2,,,,,,,,,,,,,,,,,3,,,,,260000,,,,19990529,"US,US,graph,chart 11322"
3246,2,2,122,1,550,175412796,1080,02260A74963C0438,,,4,,,,,,,,,,,,,,,,,,,,2,,,,,500000,,,,19990529,"US,US,graph,chart 11322"
3247,2,2,122,1,550,175416113,1080,02260A74A3310438,,,10,,,,,,,,,,,,,,,,,,,,2,,,,,500000,,,,19990529,"US,US,graph,chart 11322"
3248,2,2,122,1,550,175417807,1080,02260A74A9CF0438,,,4,,,,,,,,,,,,,,,,,,,,2,,,,,500000,,,,19990529,"US,US,graph,chart 11322"
3249,2,2,122,1,550,175418436,1080,02260A74AC440438,,,4,,,,,,,,,,,,,,,,,,,,2,,,,,500000,,,,19990529,"US,US,graph,chart 11322"
3250,2,2,122,1,550,175420875,1080,02260A74B5CB0438,,,4,,,,,,,,,,,,,,,,,,,,2,,,,,500000,,,,19990529,"US,US,graph,chart 11322"
3251,2,2,122,1,550,175422345,1080,02260A74BB890438,,,10,,,,,,,,,,,,,,,,,,,,2,,,,,500000,,,,19990529,"US,US,graph,chart 11322"
3252,2,2,122,1,550,175447791,1080,02260A751EEF0438,,,4,,,,,,,,,,,,,,,,,,,,2,,,,,500000,,,,19990529,"US,US,graph,chart 11322"
3253,2,2,122,1,550,175447837,1080,02260A751F1D0438,,,4,,,,,,,,,,,,,,,,,,,,2,,,,,500000,,,,19990529,"US,US,graph,chart 11322"
3254,2,2,122,1,550,175447871,1080,02260A751F3F0438,,,4,,,,,,,,,,,,,,,,,,,,2,,,,,500000,,,,19990529,"US,US,graph,chart 11322"
3255,2,2,122,1,550,175447961,1080,02260A751F990438,,,4,,,,,,,,,,,,,,,,,,,,2,,,,,500000,,,,19990529,"US,US,graph,chart 11322"
3256,2,2,122,1,550,175448323,1080,02260A7521030438,,,4,,,,,,,,,,,,,,,,,,,,2,,,,,500000,,,,19990529,"US,US,graph,chart 11322"
3257,2,2,122,1,550,175448400,1080,02260A7521500438,,,10,,,,,,,,,,,,,,,,,,,,2,,,,,500000,,,,19990529,"US,US,graph,chart 11322"
3258,2,2,122,1,550,175416856,1080,02260A74A6180438,,,4,,,,,,,,,,,,,,,,,,,,2,,,,,500000,,,,19990529,"US,US,graph,chart 11322"
3259,2,2,122,1,550,175416869,1080,02260A74A6250438,,,4,,,,,,,,,,,,,,,,,,,,2,,,,,500000,,,,19990529,"US,US,graph,chart 11322"
3260,2,2,122,1,550,175416884,1080,02260A74A6340438,,,4,,,,,,,,,,,,,,,,,,,,2,,,,,500000,,,,19990529,"US,US,graph,chart 11322"
3261,2,2,122,1,550,175417938,1080,02260A74AA520438,,,10,,,,,,,,,,,,,,,,,,,,2,,,,,500000,,,,19990529,"US,US,graph,chart 11322"
3262,2,2,122,1,550,175417967,1080,02260A74AA6F0438,,,6,,,,,,,,,,,,,,,,,,,,2,,,,,500000,,,,19990529,"US,US,graph,chart 11322"
3263,2,2,122,1,550,175418024,1080,02260A74AAA80438,,,4,,,,,,,,,,,,,,,,,,,,2,,,,,500000,,,,19990529,"US,US,graph,chart 11322"
3264,2,2,122,1,550,175418052,1080,02260A74AAC40438,,,4,,,,,,,,,,,,,,,,,,,,2,,,,,500000,,,,19990529,"US,US,graph,chart 11322"
3265,2,2,122,1,550,175418067,1080,02260A74AAD30438,,,4,,,,,,,,,,,,,,,,,,,,2,,,,,500000,,,,19990529,"US,US,graph,chart 11322"
3266,2,2,122,1,550,175418082,1080,02260A74AAE20438,,,4,,,,,,,,,,,,,,,,,,,,2,,,,,500000,,,,19990529,"US,US,graph,chart 11322"
3267,2,2,122,1,550,175418111,1080,02260A74AAFF0438,,,4,,,,,,,,,,,,,,,,,,,,2,,,,,500000,,,,19990529,"US,US,graph,chart 11322"
3268,2,2,122,1,550,175418153,1080,02260A74AB290438,,,4,,,,,,,,,,,,,,,,,,,,2,,,,,500000,,,,19990529,"US,US,graph,chart 11322"
3269,2,2,122,1,550,175418195,1080,02260A74AB530438,,,4,,,,,,,,,,,,,,,,,,,,2,,,,,500000,,,,19990529,"US,US,graph,chart 11322"
3270,2,2,122,1,550,175418224,1080,02260A74AB700438,,,4,,,,,,,,,,,,,,,,,,,,2,,,,,500000,,,,19990529,"US,US,graph,chart 11322"
3271,2,2,122,1,550,175418253,1080,02260A74AB8D0438,,,4,,,,,,,,,,,,,,,,,,,,2,,,,,500000,,,,19990529,"US,US,graph,chart 11322"
3272,2,2,122,1,550,175418269,1080,02260A74AB9D0438,,,4,,,,,,,,,,,,,,,,,,,,2,,,,,500000,,,,19990529,"US,US,graph,chart 11322"
3273,2,2,122,1,550,175418285,1080,02260A74ABAD0438,,,4,,,,,,,,,,,,,,,,,,,,2,,,,,500000,,,,19990529,"US,US,graph,chart 11322"
3274,2,2,122,1,550,175418300,1080,02260A74ABBC0438,,,4,,,,,,,,,,,,,,,,,,,,2,,,,,500000,,,,19990529,"US,US,graph,chart 11322"
3275,2,2,122,1,550,175418316,1080,02260A74ABCC0438,,,4,,,,,,,,,,,,,,,,,,,,2,,,,,500000,,,,19990529,"US,US,graph,chart 11322"
3276,2,2,122,1,550,175418332,1080,02260A74ABDC0438,,,10,,,,,,,,,,,,,,,,,,,,2,,,,,500000,,,,19990529,"US,US,graph,chart 11322"
3277,2,2,122,1,550,175418483,1080,02260A74AC730438,,,4,,,,,,,,,,,,,,,,,,,,2,,,,,500000,,,,19990529,"US,US,graph,chart 11322"
3278,2,2,122,1,550,175418498,1080,02260A74AC820438,,,4,,,,,,,,,,,,,,,,,,,,2,,,,,500000,,,,19990529,"US,US,graph,chart 11322"
3279,2,2,122,1,550,175418747,1080,02260A74AD7B0438,,,4,,,,,,,,,,,,,,,,,,,,2,,,,,500000,,,,19990529,"US,US,graph,chart 11322"
3280,2,2,122,1,550,175418768,1080,02260A74AD900438,,,4,,,,,,,,,,,,,,,,,,,,2,,,,,500000,,,,19990529,"US,US,graph,chart 11322"
3281,2,2,122,1,550,175418800,1080,02260A74ADB00438,,,4,,,,,,,,,,,,,,,,,,,,2,,,,,500000,,,,19990529,"US,US,graph,chart 11322"
3282,2,2,122,1,550,175418814,1080,02260A74ADBE0438,,,4,,,,,,,,,,,,,,,,,,,,2,,,,,500000,,,,19990529,"US,US,graph,chart 11322"
3283,2,2,122,1,550,175418859,1080,02260A74ADEB0438,,,4,,,,,,,,,,,,,,,,,,,,2,,,,,500000,,,,19990529,"US,US,graph,chart 11322"
3284,2,2,122,1,550,175419000,1080,02260A74AE780438,,,4,,,,,,,,,,,,,,,,,,,,2,,,,,500000,,,,19990529,"US,US,graph,chart 11322"
3285,2,2,122,1,550,175419028,1080,02260A74AE940438,,,4,,,,,,,,,,,,,,,,,,,,2,,,,,500000,,,,19990529,"US,US,graph,chart 11322"
3286,2,2,122,1,550,175419058,1080,02260A74AEB20438,,,4,,,,,,,,,,,,,,,,,,,,2,,,,,500000,,,,19990529,"US,US,graph,chart 11322"
3287,2,2,122,1,550,175419073,1080,02260A74AEC10438,,,4,,,,,,,,,,,,,,,,,,,,2,,,,,500000,,,,19990529,"US,US,graph,chart 11322"
3288,2,2,122,1,550,175419088,1080,02260A74AED00438,,,4,,,,,,,,,,,,,,,,,,,,2,,,,,500000,,,,19990529,"US,US,graph,chart 11322"
3289,2,2,122,1,550,175419102,1080,02260A74AEDE0438,,,4,,,,,,,,,,,,,,,,,,,,2,,,,,500000,,,,19990529,"US,US,graph,chart 11322"
3290,2,2,122,1,550,175419117,1080,02260A74AEED0438,,,4,,,,,,,,,,,,,,,,,,,,2,,,,,500000,,,,19990529,"US,US,graph,chart 11322"
3291,2,2,122,1,550,175419132,1080,02260A74AEFC0438,,,4,,,,,,,,,,,,,,,,,,,,2,,,,,500000,,,,19990529,"US,US,graph,chart 11322"
3292,2,2,122,1,550,175419174,1080,02260A74AF260438,,,4,,,,,,,,,,,,,,,,,,,,2,,,,,500000,,,,19990529,"US,US,graph,chart 11322"
3293,2,2,122,1,550,175419189,1080,02260A74AF350438,,,4,,,,,,,,,,,,,,,,,,,,2,,,,,500000,,,,19990529,"US,US,graph,chart 11322"
3294,2,2,122,1,550,175419204,1080,02260A74AF440438,,,4,,,,,,,,,,,,,,,,,,,,2,,,,,500000,,,,19990529,"US,US,graph,chart 11322"
3295,2,2,122,1,550,175419235,1080,02260A74AF630438,,,4,,,,,,,,,,,,,,,,,,,,2,,,,,500000,,,,19990529,"US,US,graph,chart 11322"
3296,2,2,122,1,550,175419264,1080,02260A74AF800438,,,10,,,,,,,,,,,,,,,,,,,,2,,,,,500000,,,,19990529,"US,US,graph,chart 11322"
3297,2,2,122,1,550,175420490,1080,02260A74B44A0438,,,4,,,,,,,,,,,,,,,,,,,,2,,,,,500000,,,,19990529,"US,US,graph,chart 11322"
3298,2,2,122,1,550,175420548,1080,02260A74B4840438,,,4,,,,,,,,,,,,,,,,,,,,2,,,,,500000,,,,19990529,"US,US,graph,chart 11322"
3299,2,2,122,1,550,175420563,1080,02260A74B4930438,,,4,,,,,,,,,,,,,,,,,,,,2,,,,,500000,,,,19990529,"US,US,graph,chart 11322"
3300,2,2,122,1,550,175420592,1080,02260A74B4B00438,,,4,,,,,,,,,,,,,,,,,,,,2,,,,,500000,,,,19990529,"US,US,graph,chart 11322"
3301,2,2,122,1,550,175420621,1080,02260A74B4CD0438,,,4,,,,,,,,,,,,,,,,,,,,2,,,,,500000,,,,19990529,"US,US,graph,chart 11322"
3302,2,2,122,1,550,175420637,1080,02260A74B4DD0438,,,4,,,,,,,,,,,,,,,,,,,,2,,,,,500000,,,,19990529,"US,US,graph,chart 11322"
3303,2,2,122,1,550,175420654,1080,02260A74B4EE0438,,,4,,,,,,,,,,,,,,,,,,,,2,,,,,500000,,,,19990529,"US,US,graph,chart 11322"
3304,2,2,122,1,550,175420670,1080,02260A74B4FE0438,,,4,,,,,,,,,,,,,,,,,,,,2,,,,,500000,,,,19990529,"US,US,graph,chart 11322"
3305,2,2,122,1,550,175420684,1080,02260A74B50C0438,,,4,,,,,,,,,,,,,,,,,,,,2,,,,,500000,,,,19990529,"US,US,graph,chart 11322"
3306,2,2,122,1,550,175420700,1080,02260A74B51C0438,,,4,,,,,,,,,,,,,,,,,,,,2,,,,,500000,,,,19990529,"US,US,graph,chart 11322"
3307,2,2,122,1,550,175420730,1080,02260A74B53A0438,,,4,,,,,,,,,,,,,,,,,,,,2,,,,,500000,,,,19990529,"US,US,graph,chart 11322"
3308,2,2,122,1,550,175420745,1080,02260A74B5490438,,,4,,,,,,,,,,,,,,,,,,,,2,,,,,500000,,,,19990529,"US,US,graph,chart 11322"
3309,2,2,122,1,550,175420760,1080,02260A74B5580438,,,4,,,,,,,,,,,,,,,,,,,,2,,,,,500000,,,,19990529,"US,US,graph,chart 11322"
3310,2,2,122,1,550,175420802,1080,02260A74B5820438,,,4,,,,,,,,,,,,,,,,,,,,2,,,,,500000,,,,19990529,"US,US,graph,chart 11322"
3311,2,2,122,1,550,175420817,1080,02260A74B5910438,,,4,,,,,,,,,,,,,,,,,,,,2,,,,,500000,,,,19990529,"US,US,graph,chart 11322"
3312,2,2,122,1,550,175421512,1080,02260A74B8480438,,,4,,,,,,,,,,,,,,,,,,,,2,,,,,500000,,,,19990529,"US,US,graph,chart 11322"
3313,2,2,122,1,550,175421597,1080,02260A74B89D0438,,,4,,,,,,,,,,,,,,,,,,,,2,,,,,500000,,,,19990529,"US,US,graph,chart 11322"
3314,2,2,122,1,550,175421656,1080,02260A74B8D80438,,,4,,,,,,,,,,,,,,,,,,,,2,,,,,500000,,,,19990529,"US,US,graph,chart 11322"
3315,2,2,122,1,550,175421671,1080,02260A74B8E70438,,,4,,,,,,,,,,,,,,,,,,,,2,,,,,500000,,,,19990529,"US,US,graph,chart 11322"
3316,2,2,122,1,550,175421685,1080,02260A74B8F50438,,,4,,,,,,,,,,,,,,,,,,,,2,,,,,500000,,,,19990529,"US,US,graph,chart 11322"
3317,2,2,122,1,550,175421700,1080,02260A74B9040438,,,4,,,,,,,,,,,,,,,,,,,,2,,,,,500000,,,,19990529,"US,US,graph,chart 11322"
3318,2,2,122,1,550,175421715,1080,02260A74B9130438,,,4,,,,,,,,,,,,,,,,,,,,2,,,,,500000,,,,19990529,"US,US,graph,chart 11322"
3319,2,2,122,1,550,175421730,1080,02260A74B9220438,,,4,,,,,,,,,,,,,,,,,,,,2,,,,,500000,,,,19990529,"US,US,graph,chart 11322"
3320,2,2,122,1,550,175421745,1080,02260A74B9310438,,,4,,,,,,,,,,,,,,,,,,,,2,,,,,500000,,,,19990529,"US,US,graph,chart 11322"
3321,2,2,122,1,550,175421773,1080,02260A74B94D0438,,,4,,,,,,,,,,,,,,,,,,,,2,,,,,500000,,,,19990529,"US,US,graph,chart 11322"
3322,2,2,122,1,550,175421788,1080,02260A74B95C0438,,,4,,,,,,,,,,,,,,,,,,,,2,,,,,500000,,,,19990529,"US,US,graph,chart 11322"
3323,2,2,122,1,550,175423419,1080,02260A74BFBB0438,,,4,,,,,,,,,,,,,,,,,,,,2,,,,,500000,,,,19990529,"US,US,graph,chart 11322"
3324,2,2,122,1,550,175423562,1080,02260A74C04A0438,,,4,,,,,,,,,,,,,,,,,,,,2,,,,,500000,,,,19990529,"US,US,graph,chart 11322"
3325,2,2,122,1,550,175423605,1080,02260A74C0750438,,,4,,,,,,,,,,,,,,,,,,,,2,,,,,500000,,,,19990529,"US,US,graph,chart 11322"
3326,2,2,122,1,550,175423778,1080,02260A74C1220438,,,4,,,,,,,,,,,,,,,,,,,,2,,,,,500000,,,,19990529,"US,US,graph,chart 11322"
3327,2,2,122,1,550,175423793,1080,02260A74C1310438,,,4,,,,,,,,,,,,,,,,,,,,2,,,,,500000,,,,19990529,"US,US,graph,chart 11322"
3328,2,2,122,1,550,175423809,1080,02260A74C1410438,,,4,,,,,,,,,,,,,,,,,,,,2,,,,,500000,,,,19990529,"US,US,graph,chart 11322"
3329,2,2,122,1,550,175423839,1080,02260A74C15F0438,,,4,,,,,,,,,,,,,,,,,,,,2,,,,,500000,,,,19990529,"US,US,graph,chart 11322"
3330,2,2,122,1,550,175423854,1080,02260A74C16E0438,,,4,,,,,,,,,,,,,,,,,,,,2,,,,,500000,,,,19990529,"US,US,graph,chart 11322"
3331,2,2,122,1,550,175423870,1080,02260A74C17E0438,,,4,,,,,,,,,,,,,,,,,,,,2,,,,,500000,,,,19990529,"US,US,graph,chart 11322"
3332,2,2,122,1,550,175423885,1080,02260A74C18D0438,,,4,,,,,,,,,,,,,,,,,,,,2,,,,,500000,,,,19990529,"US,US,graph,chart 11322"
3333,2,2,122,1,550,175423900,1080,02260A74C19C0438,,,10,,,,,,,,,,,,,,,,,,,,2,,,,,500000,,,,19990529,"US,US,graph,chart 11322"
3334,2,2,122,1,550,175423934,1080,02260A74C1BE0438,,,4,,,,,,,,,,,,,,,,,,,,2,,,,,500000,,,,19990529,"US,US,graph,chart 11322"
3335,2,2,122,1,550,175448617,1080,02260A7522290438,,,4,,,,,,,,,,,,,,,,,,,,2,,,,,500000,,,,19990529,"US,US,graph,chart 11322"
3336,2,2,122,1,550,175448648,1080,02260A7522480438,,,4,,,,,,,,,,,,,,,,,,,,2,,,,,500000,,,,19990529,"US,US,graph,chart 11322"
3337,2,2,122,1,550,175448680,1080,02260A7522680438,,,4,,,,,,,,,,,,,,,,,,,,2,,,,,500000,,,,19990529,"US,US,graph,chart 11322"
3338,2,2,122,1,550,175448727,1080,02260A7522970438,,,4,,,,,,,,,,,,,,,,,,,,2,,,,,500000,,,,19990529,"US,US,graph,chart 11322"
3339,2,2,122,1,550,175411439,1080,02260A7490EF0438,,,10,,,,,,,,,,,,,,,,,,,,2,,,,,500000,,,,19990529,"US,US,graph,chart 11322"
3340,2,2,122,1,550,175411496,1080,02260A7491280438,,,10,,,,,,,,,,,,,,,,,,,,2,,,,,500000,,,,19990529,"US,US,graph,chart 11322"
3341,2,2,122,1,550,175411732,1080,02260A7492140438,,,4,,,,,,,,,,,,,,,,,,,,2,,,,,500000,,,,19990529,"US,US,graph,chart 11322"
3342,2,2,122,1,550,175411760,1080,02260A7492300438,,,10,,,,,,,,,,,,,,,,,,,,2,,,,,500000,,,,19990529,"US,US,graph,chart 11322"
3343,2,2,122,1,550,175411790,1080,02260A74924E0438,,,4,,,,,,,,,,,,,,,,,,,,2,,,,,500000,,,,19990529,"US,US,graph,chart 11322"
3344,2,2,122,1,550,175411803,1080,02260A74925B0438,,,10,,,,,,,,,,,,,,,,,,,,2,,,,,500000,,,,19990529,"US,US,graph,chart 11322"
3345,2,2,122,1,550,175411818,1080,02260A74926A0438,,,4,,,,,,,,,,,,,,,,,,,,2,,,,,500000,,,,19990529,"US,US,graph,chart 11322"
3346,2,2,122,1,550,175411833,1080,02260A7492790438,,,10,,,,,,,,,,,,,,,,,,,,2,,,,,500000,,,,19990529,"US,US,graph,chart 11322"
3347,2,2,122,1,550,175411848,1080,02260A7492880438,,,4,,,,,,,,,,,,,,,,,,,,2,,,,,500000,,,,19990529,"US,US,graph,chart 11322"
3348,2,2,122,1,550,175411862,1080,02260A7492960438,,,10,,,,,,,,,,,,,,,,,,,,2,,,,,500000,,,,19990529,"US,US,graph,chart 11322"
3349,2,2,122,1,550,175411890,1080,02260A7492B20438,,,10,,,,,,,,,,,,,,,,,,,,2,,,,,500000,,,,19990529,"US,US,graph,chart 11322"
3350,2,2,122,1,550,175411905,1080,02260A7492C10438,,,4,,,,,,,,,,,,,,,,,,,,2,,,,,500000,,,,19990529,"US,US,graph,chart 11322"
3351,2,2,122,1,550,175411920,1080,02260A7492D00438,,,4,,,2,,,,,,,,,,,,,,,,,,,,,,500000,,,,19990529,"US,US,graph,chart 11322"
3352,2,2,122,1,550,175411990,1080,02260A7493160438,,,4,,,,,,,,,,,,,,,,,,,,2,,,,,500000,,,,19990529,"US,US,graph,chart 11322"
3353,2,2,122,1,550,175412003,1080,02260A7493230438,,,4,,,,,,,,,,,,,,,,,,,,2,,,,,500000,,,,19990529,"US,US,graph,chart 11322"
3354,2,2,122,1,550,175412072,1080,02260A7493680438,,,10,,,,,,,,,,,,,,,,,,,,2,,,,,500000,,,,19990529,"US,US,graph,chart 11322"
3355,2,2,122,1,550,175412088,1080,02260A7493780438,,,4,,,,,,,,,,,,,,,,,,,,2,,,,,500000,,,,19990529,"US,US,graph,chart 11322"
3356,2,2,122,1,550,175412116,1080,02260A7493940438,,,10,,,,,,,,,,,,,,,,,,,,2,,,,,500000,,,,19990529,"US,US,graph,chart 11322"
3357,2,2,122,1,550,175412130,1080,02260A7493A20438,,,4,,,,,,,,,,,,,,,,,,,,2,,,,,500000,,,,19990529,"US,US,graph,chart 11322"
3358,2,2,122,1,550,175412143,1080,02260A7493AF0438,,,4,,,,,,,,,,,,,,,,,,,,2,,,,,500000,,,,19990529,"US,US,graph,chart 11322"
3359,2,2,122,1,550,175412227,1080,02260A7494030438,,,10,,,,,,,,,,,,,,,,,,,,2,,,,,500000,,,,19990529,"US,US,graph,chart 11322"
3360,2,2,122,1,550,175412241,1080,02260A7494110438,,,4,,,,,,,,,,,,,,,,,,,,2,,,,,500000,,,,19990529,"US,US,graph,chart 11322"
3361,2,2,122,1,550,175412256,1080,02260A7494200438,,,6,,,,,,,,,,,,,,,,,,,,2,,,,,500000,,,,19990529,"US,US,graph,chart 11322"
3362,2,2,122,1,550,175412285,1080,02260A74943D0438,,,4,,,,,,,,,,,,,,,,,,,,2,,,,,500000,,,,19990529,"US,US,graph,chart 11322"
3363,2,2,122,1,550,175412300,1080,02260A74944C0438,,,10,,,,,,,,,,,,,,,,,,,,2,,,,,500000,,,,19990529,"US,US,graph,chart 11322"
3364,2,2,122,1,550,175412314,1080,02260A74945A0438,,,10,,,,,,,,,,,,,,,,,,,,2,,,,,500000,,,,19990529,"US,US,graph,chart 11322"
3365,2,2,122,1,550,175412330,1080,02260A74946A0438,,,10,,,,,,,,,,,,,,,,,,,,2,,,,,500000,,,,19990529,"US,US,graph,chart 11322"
3366,2,2,122,1,550,175412358,1080,02260A7494860438,,,4,,,,,,,,,,,,,,,,,,,,2,,,,,500000,,,,19990529,"US,US,graph,chart 11322"
3367,2,2,122,1,550,175412373,1080,02260A7494950438,,,10,,,,,,,,,,,,,,,,,,,,2,,,,,500000,,,,19990529,"US,US,graph,chart 11322"
3368,2,2,122,1,550,175412387,1080,02260A7494A30438,,,4,,,,,,,,,,,,,,,,,,,,2,,,,,500000,,,,19990529,"US,US,graph,chart 11322"
3369,2,2,122,1,550,175412400,1080,02260A7494B00438,,,4,,,,,,,,,,,,,,,,,,,,2,,,,,500000,,,,19990529,"US,US,graph,chart 11322"
3370,2,2,122,1,550,175412415,1080,02260A7494BF0438,,,4,,,,,,,,,,,,,,,,,,,,2,,,,,500000,,,,19990529,"US,US,graph,chart 11322"
3371,2,2,122,1,550,175412431,1080,02260A7494CF0438,,,10,,,,,,,,,,,,,,,,,,,,2,,,,,500000,,,,19990529,"US,US,graph,chart 11322"
3372,2,2,122,1,550,175412446,1080,02260A7494DE0438,,,4,,,,,,,,,,,,,,,,,,,,2,,,,,500000,,,,19990529,"US,US,graph,chart 11322"
3373,2,2,122,1,550,175412462,1080,02260A7494EE0438,,,4,,,,,,,,,,,,,,,,,,,,2,,,,,500000,,,,19990529,"US,US,graph,chart 11322"
3374,2,2,122,1,550,175412477,1080,02260A7494FD0438,,,4,,,,,,,,,,,,,,,,,,,,2,,,,,500000,,,,19990529,"US,US,graph,chart 11322"
3375,2,2,122,1,550,175412493,1080,02260A74950D0438,,,4,,,,,,,,,,,,,,,,,,,,2,,,,,500000,,,,19990529,"US,US,graph,chart 11322"
3376,2,2,122,1,550,175412509,1080,02260A74951D0438,,,4,,,,,,,,,,,,,,,,,,,,2,,,,,500000,,,,19990529,"US,US,graph,chart 11322"
3377,2,2,122,1,550,175412524,1080,02260A74952C0438,,,4,,,,,,,,,,,,,,,,,,,,2,,,,,500000,,,,19990529,"US,US,graph,chart 11322"
3378,2,2,122,1,550,175412539,1080,02260A74953B0438,,,10,,,,,,,,,,,,,,,,,,,,2,,,,,500000,,,,19990529,"US,US,graph,chart 11322"
3379,2,2,122,1,550,175412569,1080,02260A7495590438,,,4,,,,,,,,,,,,,,,,,,,,2,,,,,500000,,,,19990529,"US,US,graph,chart 11322"
3380,2,2,122,1,550,175412584,1080,02260A7495680438,,,10,,,,,,,,,,,,,,,,,,,,2,,,,,500000,,,,19990529,"US,US,graph,chart 11322"
3381,2,2,122,1,550,175412600,1080,02260A7495780438,,,4,,,,,,,,,,,,,,,,,,,,2,,,,,500000,,,,19990529,"US,US,graph,chart 11322"
3382,2,2,122,1,550,175412616,1080,02260A7495880438,,,10,,,,,,,,,,,,,,,,,,,,2,,,,,500000,,,,19990529,"US,US,graph,chart 11322"
3383,2,2,122,1,550,175412647,1080,02260A7495A70438,,,4,,,,,,,,,,,,,,,,,,,,2,,,,,500000,,,,19990529,"US,US,graph,chart 11322"
3384,2,2,122,1,550,175412662,1080,02260A7495B60438,,,4,,,,,,,,,,,,,,,,,,,,2,,,,,500000,,,,19990529,"US,US,graph,chart 11322"
3385,2,2,122,1,550,175412676,1080,02260A7495C40438,,,4,,,,,,,,,,,,,,,,,,,,2,,,,,500000,,,,19990529,"US,US,graph,chart 11322"
3386,2,2,122,1,550,175412691,1080,02260A7495D30438,,,4,,,,,,,,,,,,,,,,,,,,2,,,,,500000,,,,19990529,"US,US,graph,chart 11322"
3387,2,2,122,1,550,175412706,1080,02260A7495E20438,,,4,,,,,,,,,,,,,,,,,,,,2,,,,,500000,,,,19990529,"US,US,graph,chart 11322"
3388,2,2,122,1,550,175412720,1080,02260A7495F00438,,,4,,,,,,,,,,,,,,,,,,,,2,,,,,500000,,,,19990529,"US,US,graph,chart 11322"
3389,2,2,122,1,550,175412735,1080,02260A7495FF0438,,,4,,,,,,,,,,,,,,,,,,,,2,,,,,500000,,,,19990529,"US,US,graph,chart 11322"
3390,2,2,122,1,550,175412840,1080,02260A7496680438,,,10,,,,,,,,,,,,,,,,,,,,2,,,,,500000,,,,19990529,"US,US,graph,chart 11322"
3391,2,2,122,1,550,175412855,1080,02260A7496770438,,,10,,,,,,,,,,,,,,,,,,,,2,,,,,500000,,,,19990529,"US,US,graph,chart 11322"
3392,2,2,122,1,550,175412903,1080,02260A7496A70438,,,10,,,,,,,,,,,,,,,,,,,,2,,,,,500000,,,,19990529,"US,US,graph,chart 11322"
3393,2,2,122,1,550,175412919,1080,02260A7496B70438,,,10,,,,,,,,,,,,,,,,,,,,2,,,,,500000,,,,19990529,"US,US,graph,chart 11322"
3394,2,2,122,1,550,175412935,1080,02260A7496C70438,,,4,,,,,,,,,,,,,,,,,,,,2,,,,,500000,,,,19990529,"US,US,graph,chart 11322"
3395,2,2,122,1,550,175412963,1080,02260A7496E30438,,,10,,,,,,,,,,,,,,,,,,,,2,,,,,500000,,,,19990529,"US,US,graph,chart 11322"
3396,2,2,122,1,550,175413096,1080,02260A7497680438,,,4,,,,,,,,,,,,,,,,,,,,2,,,,,500000,,,,19990529,"US,US,graph,chart 11322"
3397,2,2,122,1,550,175413125,1080,02260A7497850438,,,10,,,,,,,,,,,,,,,,,,,,2,,,,,500000,,,,19990529,"US,US,graph,chart 11322"
3398,2,2,122,1,550,175413141,1080,02260A7497950438,,,10,,,,,,,,,,,,,,,,,,,,2,,,,,500000,,,,19990529,"US,US,graph,chart 11322"
3399,2,2,122,1,550,175413171,1080,02260A7497B30438,,,4,,,,,,,,,,,,,,,,,,,,2,,,,,500000,,,,19990529,"US,US,graph,chart 11322"
3400,2,2,122,1,550,175413186,1080,02260A7497C20438,,,4,,,,,,,,,,,,,,,,,,,,2,,,,,500000,,,,19990529,"US,US,graph,chart 11322"
3401,2,2,122,1,550,175413201,1080,02260A7497D10438,,,6,,,,,,,,,,,,,,,,,,,,2,,,,,500000,,,,19990529,"US,US,graph,chart 11322"
3402,2,2,122,1,550,175413273,1080,02260A7498190438,,,4,,,,,,,,,,,,,,,,,,,,2,,,,,500000,,,,19990529,"US,US,graph,chart 11322"
3403,2,2,122,1,550,175413862,1080,02260A749A660438,,,4,,,,,,,,,,,,,,,,,,,,2,,,,,500000,,,,19990529,"US,US,graph,chart 11322"
3404,2,2,122,1,550,175415334,1080,02260A74A0260438,,,4,,,,,,,,,,,,,,,,,,,,2,,,,,500000,,,,19990529,"US,US,graph,chart 11322"
3405,2,2,122,1,550,175415350,1080,02260A74A0360438,,,4,,,,,,,,,,,,,,,,,,,,2,,,,,500000,,,,19990529,"US,US,graph,chart 11322"
3406,2,2,122,1,550,175415365,1080,02260A74A0450438,,,4,,,,,,,,,,,,,,,,,,,,2,,,,,500000,,,,19990529,"US,US,graph,chart 11322"
3407,2,2,122,1,550,175415380,1080,02260A74A0540438,,,4,,,,,,,,,,,,,,,,,,,,2,,,,,500000,,,,19990529,"US,US,graph,chart 11322"
3408,2,2,122,1,550,175415395,1080,02260A74A0630438,,,4,,,,,,,,,,,,,,,,,,,,2,,,,,500000,,,,19990529,"US,US,graph,chart 11322"
3409,2,2,122,1,550,175415410,1080,02260A74A0720438,,,4,,,,,,,,,,,,,,,,,,,,2,,,,,500000,,,,19990529,"US,US,graph,chart 11322"
3410,2,2,122,1,550,175416175,1080,02260A74A36F0438,,,4,,,,,,,,,,,,,,,,,,,,2,,,,,500000,,,,19990529,"US,US,graph,chart 11322"
3411,2,2,122,1,550,175416206,1080,02260A74A38E0438,,,4,,,,,,,,,,,,,,,,,,,,2,,,,,500000,,,,19990529,"US,US,graph,chart 11322"
3412,2,2,122,1,550,175416645,1080,02260A74A5450438,,,10,,,,,,,,,,,,,,,,,,,,2,,,,,500000,,,,19990529,"US,US,graph,chart 11322"
3413,2,2,122,1,550,175416660,1080,02260A74A5540438,,,4,,,,,,,,,,,,,,,,,,,,2,,,,,500000,,,,19990529,"US,US,graph,chart 11322"
3414,2,2,122,1,550,175417678,1080,02260A74A94E0438,,,4,,,,,,,,,,,,,,,,,,,,2,,,,,500000,,,,19990529,"US,US,graph,chart 11322"
3415,2,2,122,1,550,175417692,1080,02260A74A95C0438,,,4,,,,,,,,,,,,,,,,,,,,2,,,,,500000,,,,19990529,"US,US,graph,chart 11322"
3416,2,2,122,1,550,175417708,1080,02260A74A96C0438,,,4,,,,,,,,,,,,,,,,,,,,2,,,,,500000,,,,19990529,"US,US,graph,chart 11322"
3417,2,2,122,1,550,175417722,1080,02260A74A97A0438,,,4,,,,,,,,,,,,,,,,,,,,2,,,,,500000,,,,19990529,"US,US,graph,chart 11322"
3418,2,2,122,1,550,175417793,1080,02260A74A9C10438,,,4,,,,,,,,,,,,,,,,,,,,2,,,,,500000,,,,19990529,"US,US,graph,chart 11322"
3419,2,2,122,1,550,175417835,1080,02260A74A9EB0438,,,10,,,,,,,,,,,,,,,,,,,,2,,,,,500000,,,,19990529,"US,US,graph,chart 11322"
3420,2,2,122,1,550,175417850,1080,02260A74A9FA0438,,,10,,,,,,,,,,,,,,,,,,,,2,,,,,500000,,,,19990529,"US,US,graph,chart 11322"
3421,2,2,122,1,550,175417894,1080,02260A74AA260438,,,4,,,,,,,,,,,,,,,,,,,,2,,,,,500000,,,,19990529,"US,US,graph,chart 11322"
3422,2,2,122,1,550,175417922,1080,02260A74AA420438,,,4,,,,,,,,,,,,,,,,,,,,2,,,,,500000,,,,19990529,"US,US,graph,chart 11322"
3423,2,2,122,1,550,175435898,1080,02260A74F07A0438,,,10,,,,,,,,,,,,,,,,,,,,2,,,,,500000,,,,19990529,"US,US,graph,chart 11322"
3424,2,2,122,1,550,175435915,1080,02260A74F08B0438,,,10,,,,,,,,,,,,,,,,,,,,2,,,,,500000,,,,19990529,"US,US,graph,chart 11322"
3425,2,2,122,1,550,175435974,1080,02260A74F0C60438,,,10,,,,,,,,,,,,,,,,,,,,2,,,,,500000,,,,19990529,"US,US,graph,chart 11322"
3426,2,2,122,1,550,175436039,1080,02260A74F1070438,,,4,,,,,,,,,,,,,,,,,,,,2,,,,,500000,,,,19990529,"US,US,graph,chart 11322"
3427,2,2,122,1,550,175436055,1080,02260A74F1170438,,,10,,,,,,,,,,,,,,,,,,,,2,,,,,500000,,,,19990529,"US,US,graph,chart 11322"
3428,2,2,122,1,550,175436099,1080,02260A74F1430438,,,4,,,,,,,,,,,,,,,,,,,,2,,,,,500000,,,,19990529,"US,US,graph,chart 11322"
3429,2,2,122,1,550,175436116,1080,02260A74F1540438,,,4,,,,,,,,,,,,,,,,,,,,2,,,,,500000,,,,19990529,"US,US,graph,chart 11322"
3430,2,2,122,1,550,175436133,1080,02260A74F1650438,,,4,,,,,,,,,,,,,,,,,,,,2,,,,,500000,,,,19990529,"US,US,graph,chart 11322"
3431,2,2,122,1,550,175436150,1080,02260A74F1760438,,,4,,,,,,,,,,,,,,,,,,,,2,,,,,500000,,,,19990529,"US,US,graph,chart 11322"
3432,2,2,122,1,550,175436325,1080,02260A74F2250438,,,10,,,,,,,,,,,,,,,,,,,,2,,,,,500000,,,,19990529,"US,US,graph,chart 11322"
3433,2,2,122,1,550,175436342,1080,02260A74F2360438,,,4,,,,,,,,,,,,,,,,,,,,2,,,,,500000,,,,19990529,"US,US,graph,chart 11322"
3434,2,2,122,1,550,175436375,1080,02260A74F2570438,,,4,,,,,,,,,,,,,,,,,,,,2,,,,,500000,,,,19990529,"US,US,graph,chart 11322"
3435,2,2,122,1,550,175436407,1080,02260A74F2770438,,,4,,,,,,,,,,,,,,,,,,,,2,,,,,500000,,,,19990529,"US,US,graph,chart 11322"
3436,2,2,122,1,550,175436423,1080,02260A74F2870438,,,4,,,,,,,,,,,,,,,,,,,,2,,,,,500000,,,,19990529,"US,US,graph,chart 11322"
3437,2,2,122,1,550,175436440,1080,02260A74F2980438,,,4,,,,,,,,,,,,,,,,,,,,2,,,,,500000,,,,19990529,"US,US,graph,chart 11322"
3438,2,2,122,1,550,175436472,1080,02260A74F2B80438,,,10,,,,,,,,,,,,,,,,,,,,2,,,,,500000,,,,19990529,"US,US,graph,chart 11322"
3439,2,2,122,1,550,175436615,1080,02260A74F3470438,,,10,,,,,,,,,,,,,,,,,,,,2,,,,,500000,,,,19990529,"US,US,graph,chart 11322"
3440,2,2,122,1,550,175436632,1080,02260A74F3580438,,,10,,,,,,,,,,,,,,,,,,,,2,,,,,500000,,,,19990529,"US,US,graph,chart 11322"
3441,2,2,122,1,550,175436649,1080,02260A74F3690438,,,4,,,,,,,,,,,,,,,,,,,,2,,,,,500000,,,,19990529,"US,US,graph,chart 11322"
3442,2,2,122,1,550,175436759,1080,02260A74F3D70438,,,10,,,,,,,,,,,,,,,,,,,,2,,,,,500000,,,,19990529,"US,US,graph,chart 11322"
3443,2,2,122,1,550,175436775,1080,02260A74F3E70438,,,10,,,,,,,,,,,,,,,,,,,,2,,,,,500000,,,,19990529,"US,US,graph,chart 11322"
3444,2,2,122,1,550,175437042,1080,02260A74F4F20438,,,10,,,,,,,,,,,,,,,,,,,,2,,,,,500000,,,,19990529,"US,US,graph,chart 11322"
3445,2,2,122,1,550,175438987,1080,02260A74FC8B0438,,,4,,,,,,,,,,,,,,,,,,,,2,,,,,500000,,,,19990529,"US,US,graph,chart 11322"
3446,2,2,122,1,550,175439037,1080,02260A74FCBD0438,,,4,,,,,,,,,,,,,,,,,,,,2,,,,,500000,,,,19990529,"US,US,graph,chart 11322"
3447,2,2,122,1,550,175439054,1080,02260A74FCCE0438,,,4,,,,,,,,,,,,,,,,,,,,2,,,,,500000,,,,19990529,"US,US,graph,chart 11322"
3448,2,2,122,1,550,175439071,1080,02260A74FCDF0438,,,10,,,,,,,,,,,,,,,,,,,,2,,,,,500000,,,,19990529,"US,US,graph,chart 11322"
3449,2,2,122,1,550,175439120,1080,02260A74FD100438,,,10,,,,,,,,,,,,,,,,,,,,2,,,,,500000,,,,19990529,"US,US,graph,chart 11322"
3450,2,2,122,1,550,175439152,1080,02260A74FD300438,,,10,,,,,,,,,,,,,,,,,,,,2,,,,,500000,,,,19990529,"US,US,graph,chart 11322"
3451,2,2,122,1,550,115242396,1246,022606DE759C04DE,,,10,,,,,,,,,,,,,,,,,,,,2,,,,,500000,,,,19990529,"US,US,graph,chart 11322"
3452,2,2,122,1,550,115242394,1246,022606DE759A04DE,,,10,,,,,,,,,,,,,,,,,,,,2,,,,,500000,,,,19990529,"US,US,graph,chart 11322"
3453,3,2,122,1,550,115999405,1247,022606EA02AD04DF,,,,,,,,,,,,,,,,,,,,,,,,,,,,260000,,,,19990529,"US,US,graph,chart 11322"
3454,3,2,122,1,550,116001480,1247,022606EA0AC804DF,,,,,,,,,,,,,,,,,,,,,,,,,,,,260000,,,,19990529,"US,US,graph,chart 11322"
3455,2,2,122,1,550,113723800,1254,022606C7499804E6,,,,,,,,,,,,,,,,,,,,,,,2,,,,,500000,,,,19990529,"US,US,graph,chart 11322"
3456,2,2,122,1,550,113729487,1254,022606C75FCF04E6,,,,,,,,,,,,,,,,,,,,,,,2,,,,,500000,,,,19990529,"US,US,graph,chart 11322"
